"","chromosome","best_score","best_length"
"chr10.1","chr10",1,1100000
"chr10.2","chr10",1,2000000
"chr10.3","chr10",1,1500000
"chr10.4","chr10",1,700000
"chr10.5","chr10",0.916666666666667,400000
"chr10.6","chr10",1,300000
"chr10.7","chr10",1,1100000
"chr10.8","chr10",1,1400000
"chr10.9","chr10",1,2000000
"chr10.10","chr10",1,1500000
"chr10.11","chr10",0.739130434782609,500000
"chr10.12","chr10",1,700000
"chr10.13","chr10",1,700000
"chr10.14","chr10",1,700000
"chr10.15","chr10",1,1000000
"chr10.16","chr10",0.916666666666667,600000
"chr10.17","chr10",1,1100000
"chr10.18","chr10",0.571428571428571,1000000
"chr10.19","chr10",1,1100000
"chr10.20","chr10",1,1200000
"chr10.21","chr10",1,1100000
"chr10.22","chr10",1,1400000
"chr10.23","chr10",1,600000
"chr10.24","chr10",0,500000
"chr10.25","chr10",1,700000
"chr10.26","chr10",0.648854961832061,1100000
"chr10.27","chr10",1,1200000
"chr10.28","chr10",1,800000
"chr10.29","chr10",1,900000
"chr10.30","chr10",1,300000
"chr10.31","chr10",1,1100000
"chr10.32","chr10",0.814814814814815,600000
"chr10.33","chr10",1,800000
"chr10.34","chr10",1,1500000
"chr10.35","chr10",0.223880597014925,300000
"chr10.36","chr10",0.712121212121212,600000
"chr10.37","chr10",1,2500000
"chr10.38","chr10",0.666666666666667,1200000
"chr10.39","chr10",0.333333333333333,1300000
"chr10.40","chr10",0,700000
"chr10.41","chr10",0,800000
"chr10.42","chr10",0,1500000
"chr10.43","chr10",0.746268656716418,600000
"chr10.44","chr10",1,1400000
"chr10.45","chr10",1,500000
"chr10.46","chr10",1,3000000
"chr10.47","chr10",1,3000000
"chr10.48","chr10",1,2000000
"chr10.49","chr10",1,1000000
"chr10.50","chr10",1,700000
"chr10.51","chr10",0.948051948051948,600000
"chr10.52","chr10",0,700000
"chr10.53","chr10",0.568527918781726,2400000
"chr10.54","chr10",0.379518072289157,1400000
"chr10.55","chr10",1,700000
"chr10.56","chr10",1,900000
"chr10.57","chr10",0.955555555555556,700000
"chr10.58","chr10",1,500000
"chr10.59","chr10",1,1300000
"chr10.60","chr10",1,600000
"chr10.61","chr10",1,1000000
"chr10.62","chr10",0.919075144508671,1900000
"chr10.63","chr10",0.0809248554913295,300000
"chr10.64","chr10",1,1100000
"chr10.65","chr10",0.58,700000
"chr10.66","chr10",1,900000
"chr10.67","chr10",1,2700000
"chr10.68","chr10",1,600000
"chr10.69","chr10",1,1700000
"chr10.70","chr10",0.421052631578947,300000
"chr10.71","chr10",0.742857142857143,500000
"chr10.72","chr10",1,1100000
"chr10.73","chr10",0.739130434782609,400000
"chr10.74","chr10",1,500000
"chr10.75","chr10",1,1000000
"chr10.76","chr10",1,1100000
"chr10.77","chr10",1,800000
"chr10.78","chr10",1,900000
"chr10.79","chr10",0.380952380952381,1100000
"chr10.80","chr10",0.529761904761905,500000
"chr10.81","chr10",0.678571428571429,500000
"chr10.82","chr10",0.857142857142857,600000
"chr10.83","chr10",1,1100000
"chr10.84","chr10",0,800000
"chr10.85","chr10",0.923076923076923,900000
"chr10.86","chr10",1,1000000
"chr10.87","chr10",1,700000
"chr10.88","chr10",1,700000
"chr10.89","chr10",1,400000
"chr10.90","chr10",0.518518518518518,800000
"chr10.91","chr10",0.888888888888889,400000
"chr10.92","chr10",1,2300000
"chr10.93","chr10",1,3300000
"chr10.94","chr10",1,2100000
"chr10.95","chr10",1,1500000
"chr10.96","chr10",1,600000
"chr10.97","chr10",1,1000000
"chr10.98","chr10",1,1300000
"chr10.99","chr10",1,700000
"chr10.100","chr10",1,1200000
"chr10.101","chr10",0.524193548387097,600000
"chr10.102","chr10",0.314516129032258,400000
"chr10.103","chr10",1,1000000
"chr10.104","chr10",0,1100000
"chr10.105","chr10",0,800000
"chr10.106","chr10",1,1200000
"chr10.107","chr10",1,500000
"chr10.108","chr10",1,700000
"chr10.109","chr10",1,1700000
"chr10.110","chr10",1,500000
"chr10.111","chr10",1,2000000
"chr10.112","chr10",1,1700000
"chr10.113","chr10",0.363636363636364,800000
"chr10.114","chr10",1,900000
"chr10.115","chr10",NA,NA
"chr10.116","chr10",NA,NA
"chr10.117","chr10",NA,NA
"chr10.118","chr10",NA,NA
"chr10.119","chr10",NA,NA
"chr10.120","chr10",NA,NA
"chr10.121","chr10",NA,NA
"chr10.122","chr10",NA,NA
"chr10.123","chr10",NA,NA
"chr11.1","chr11",1,600000
"chr11.2","chr11",1,800000
"chr11.3","chr11",1,600000
"chr11.4","chr11",1,1200000
"chr11.5","chr11",1,600000
"chr11.6","chr11",1,1700000
"chr11.7","chr11",0.921052631578947,600000
"chr11.8","chr11",1,1200000
"chr11.9","chr11",1,900000
"chr11.10","chr11",1,900000
"chr11.11","chr11",1,600000
"chr11.12","chr11",1,400000
"chr11.13","chr11",1,1400000
"chr11.14","chr11",1,700000
"chr11.15","chr11",1,500000
"chr11.16","chr11",1,1000000
"chr11.17","chr11",1,800000
"chr11.18","chr11",1,1400000
"chr11.19","chr11",0.95,700000
"chr11.20","chr11",0.935483870967742,400000
"chr11.21","chr11",1,800000
"chr11.22","chr11",1,1800000
"chr11.23","chr11",1,1500000
"chr11.24","chr11",0.849673202614379,700000
"chr11.25","chr11",1,3400000
"chr11.26","chr11",1,1300000
"chr11.27","chr11",1,1000000
"chr11.28","chr11",1,800000
"chr11.29","chr11",1,1700000
"chr11.30","chr11",1,1200000
"chr11.31","chr11",0.981132075471698,500000
"chr11.32","chr11",1,1000000
"chr11.33","chr11",1,400000
"chr11.34","chr11",1,900000
"chr11.35","chr11",1,800000
"chr11.36","chr11",1,500000
"chr11.37","chr11",1,4700000
"chr11.38","chr11",0,1900000
"chr11.39","chr11",0,700000
"chr11.40","chr11",0.4375,600000
"chr11.41","chr11",1,900000
"chr11.42","chr11",1,400000
"chr11.43","chr11",1,900000
"chr11.44","chr11",1,900000
"chr11.45","chr11",1,1300000
"chr11.46","chr11",0.201550387596899,500000
"chr11.47","chr11",0.356589147286822,400000
"chr11.48","chr11",0.643410852713178,1700000
"chr11.49","chr11",0,1200000
"chr11.50","chr11",0,1300000
"chr11.51","chr11",0,300000
"chr11.52","chr11",0,600000
"chr11.53","chr11",0.221590909090909,600000
"chr11.54","chr11",0.505681818181818,500000
"chr11.55","chr11",0.846590909090909,600000
"chr11.56","chr11",1,700000
"chr11.57","chr11",0.347826086956522,400000
"chr11.58","chr11",1,1300000
"chr11.59","chr11",1,1700000
"chr11.60","chr11",1,700000
"chr11.61","chr11",1,300000
"chr11.62","chr11",0.444444444444444,300000
"chr11.63","chr11",1,600000
"chr11.64","chr11",1,300000
"chr11.65","chr11",1,600000
"chr11.66","chr11",1,800000
"chr11.67","chr11",1,900000
"chr11.68","chr11",1,900000
"chr11.69","chr11",1,2900000
"chr11.70","chr11",1,1200000
"chr11.71","chr11",1,1100000
"chr11.72","chr11",0.833333333333333,700000
"chr11.73","chr11",1,1000000
"chr11.74","chr11",1,900000
"chr11.75","chr11",1,400000
"chr11.76","chr11",0.76,600000
"chr11.77","chr11",1,500000
"chr11.78","chr11",1,900000
"chr11.79","chr11",1,3000000
"chr11.80","chr11",0,1000000
"chr11.81","chr11",0,1100000
"chr11.82","chr11",1,800000
"chr11.83","chr11",0.811320754716981,700000
"chr11.84","chr11",1,4700000
"chr11.85","chr11",1,1000000
"chr11.86","chr11",0,1500000
"chr11.87","chr11",0.0769230769230769,900000
"chr11.88","chr11",1,1400000
"chr11.89","chr11",1,1600000
"chr11.90","chr11",0.67741935483871,400000
"chr11.91","chr11",1,1000000
"chr11.92","chr11",0,900000
"chr11.93","chr11",0.368421052631579,600000
"chr11.94","chr11",0.631578947368421,1000000
"chr11.95","chr11",0.629032258064516,600000
"chr11.96","chr11",1,1200000
"chr11.97","chr11",1,1200000
"chr11.98","chr11",1,2100000
"chr11.99","chr11",0.56,700000
"chr11.100","chr11",0.720588235294118,800000
"chr11.101","chr11",0.305882352941176,400000
"chr11.102","chr11",1,600000
"chr11.103","chr11",0,900000
"chr11.104","chr11",1,500000
"chr11.105","chr11",0.581818181818182,500000
"chr11.106","chr11",1,1000000
"chr11.107","chr11",1,800000
"chr11.108","chr11",0.875,700000
"chr11.109","chr11",1,1600000
"chr11.110","chr11",0.841584158415842,600000
"chr11.111","chr11",1,800000
"chr11.112","chr11",1,1100000
"chr11.113","chr11",1,800000
"chr11.114","chr11",1,1300000
"chr11.115","chr11",1,800000
"chr11.116","chr11",1,1300000
"chr11.117","chr11",NA,NA
"chr11.118","chr11",NA,NA
"chr11.119","chr11",NA,NA
"chr11.120","chr11",NA,NA
"chr11.121","chr11",NA,NA
"chr11.122","chr11",NA,NA
"chr11.123","chr11",NA,NA
"chr11.124","chr11",NA,NA
"chr11.125","chr11",NA,NA
"chr12.1","chr12",0,300000
"chr12.2","chr12",1,600000
"chr12.3","chr12",1,800000
"chr12.4","chr12",1,200000
"chr12.5","chr12",1,800000
"chr12.6","chr12",0.272727272727273,300000
"chr12.7","chr12",1,700000
"chr12.8","chr12",1,1000000
"chr12.9","chr12",1,1500000
"chr12.10","chr12",0.8,400000
"chr12.11","chr12",1,1200000
"chr12.12","chr12",1,800000
"chr12.13","chr12",0.5,400000
"chr12.14","chr12",1,1000000
"chr12.15","chr12",1,800000
"chr12.16","chr12",1,900000
"chr12.17","chr12",1,1300000
"chr12.18","chr12",1,600000
"chr12.19","chr12",0.571428571428571,300000
"chr12.20","chr12",1,1000000
"chr12.21","chr12",1,1900000
"chr12.22","chr12",0.75,1200000
"chr12.23","chr12",1,2000000
"chr12.24","chr12",1,1500000
"chr12.25","chr12",1,2100000
"chr12.26","chr12",0.012987012987013,600000
"chr12.27","chr12",1,600000
"chr12.28","chr12",1,700000
"chr12.29","chr12",1,900000
"chr12.30","chr12",1,1400000
"chr12.31","chr12",1,400000
"chr12.32","chr12",1,1400000
"chr12.33","chr12",0.448275862068966,200000
"chr12.34","chr12",1,1200000
"chr12.35","chr12",1,400000
"chr12.36","chr12",1,1600000
"chr12.37","chr12",0,1200000
"chr12.38","chr12",1,1700000
"chr12.39","chr12",0,1000000
"chr12.40","chr12",0,500000
"chr12.41","chr12",0.245901639344262,900000
"chr12.42","chr12",0.519125683060109,500000
"chr12.43","chr12",1,1100000
"chr12.44","chr12",1,1000000
"chr12.45","chr12",1,1000000
"chr12.46","chr12",0.682926829268293,700000
"chr12.47","chr12",0.625,800000
"chr12.48","chr12",0.386363636363636,500000
"chr12.49","chr12",1,600000
"chr12.50","chr12",0.433962264150943,300000
"chr12.51","chr12",1,600000
"chr12.52","chr12",0.84,400000
"chr12.53","chr12",1,600000
"chr12.54","chr12",1,600000
"chr12.55","chr12",0.617647058823529,400000
"chr12.56","chr12",1,1300000
"chr12.57","chr12",1,700000
"chr12.58","chr12",0.724137931034483,300000
"chr12.59","chr12",1,600000
"chr12.60","chr12",1,1300000
"chr12.61","chr12",1,2800000
"chr12.62","chr12",1,700000
"chr12.63","chr12",0.74468085106383,600000
"chr12.64","chr12",1,700000
"chr12.65","chr12",1,1800000
"chr12.66","chr12",1,800000
"chr12.67","chr12",1,1000000
"chr12.68","chr12",1,600000
"chr12.69","chr12",0.694029850746269,900000
"chr12.70","chr12",1,1000000
"chr12.71","chr12",1,700000
"chr12.72","chr12",0.9375,600000
"chr12.73","chr12",1,2400000
"chr12.74","chr12",1,700000
"chr12.75","chr12",1,1300000
"chr12.76","chr12",0.75,400000
"chr12.77","chr12",1,1000000
"chr12.78","chr12",1,1400000
"chr12.79","chr12",1,900000
"chr12.80","chr12",1,1000000
"chr12.81","chr12",0.724719101123595,1100000
"chr12.82","chr12",1,2100000
"chr12.83","chr12",1,500000
"chr12.84","chr12",1,900000
"chr12.85","chr12",1,600000
"chr12.86","chr12",0.772357723577236,1000000
"chr12.87","chr12",1,1000000
"chr12.88","chr12",0.540540540540541,500000
"chr12.89","chr12",1,700000
"chr12.90","chr12",0.408163265306122,700000
"chr12.91","chr12",0.591836734693878,1600000
"chr12.92","chr12",0.622950819672131,600000
"chr12.93","chr12",0.875,600000
"chr12.94","chr12",1,700000
"chr12.95","chr12",0.886363636363636,600000
"chr12.96","chr12",0.474747474747475,300000
"chr12.97","chr12",1,700000
"chr12.98","chr12",1,1800000
"chr12.99","chr12",1,600000
"chr12.100","chr12",1,800000
"chr12.101","chr12",1,900000
"chr12.102","chr12",1,700000
"chr12.103","chr12",0.792307692307692,500000
"chr12.104","chr12",1,800000
"chr12.105","chr12",1,900000
"chr12.106","chr12",1,1100000
"chr12.107","chr12",1,900000
"chr12.108","chr12",1,800000
"chr12.109","chr12",0.424460431654676,500000
"chr12.110","chr12",1,800000
"chr12.111","chr12",1,800000
"chr12.112","chr12",0.794117647058823,600000
"chr12.113","chr12",1,400000
"chr12.114","chr12",1,1100000
"chr12.115","chr12",1,1100000
"chr12.116","chr12",1,1300000
"chr12.117","chr12",1,1000000
"chr12.118","chr12",1,700000
"chr12.119","chr12",1,600000
"chr12.120","chr12",1,1200000
"chr12.121","chr12",0.9375,400000
"chr12.122","chr12",1,700000
"chr12.123","chr12",1,800000
"chr12.124","chr12",0.307692307692308,400000
"chr12.125","chr12",1,800000
"chr12.126","chr12",0.903225806451613,700000
"chr12.127","chr12",1,5800000
"chr12.128","chr12",1,1400000
"chr12.129","chr12",0.612244897959184,500000
"chr12.130","chr12",0.387755102040816,400000
"chr12.131","chr12",NA,NA
"chr12.132","chr12",NA,NA
"chr12.133","chr12",NA,NA
"chr12.134","chr12",NA,NA
"chr12.135","chr12",NA,NA
"chr12.136","chr12",NA,NA
"chr12.137","chr12",NA,NA
"chr13.1","chr13",0,1000000
"chr13.2","chr13",0,500000
"chr13.3","chr13",0,800000
"chr13.4","chr13",0,600000
"chr13.5","chr13",0,1800000
"chr13.6","chr13",0,300000
"chr13.7","chr13",0,200000
"chr13.8","chr13",0,400000
"chr13.9","chr13",0,700000
"chr13.10","chr13",0,700000
"chr13.11","chr13",0,800000
"chr13.12","chr13",0,700000
"chr13.13","chr13",0,500000
"chr13.14","chr13",0,600000
"chr13.15","chr13",0,900000
"chr13.16","chr13",0,700000
"chr13.17","chr13",0,1000000
"chr13.18","chr13",0,800000
"chr13.19","chr13",0,1100000
"chr13.20","chr13",0,600000
"chr13.21","chr13",0,1300000
"chr13.22","chr13",0,1800000
"chr13.23","chr13",0,800000
"chr13.24","chr13",0.162162162162162,600000
"chr13.25","chr13",1,1500000
"chr13.26","chr13",1,1000000
"chr13.27","chr13",1,700000
"chr13.28","chr13",1,400000
"chr13.29","chr13",0.24390243902439,200000
"chr13.30","chr13",1,1000000
"chr13.31","chr13",1,1200000
"chr13.32","chr13",1,800000
"chr13.33","chr13",0.526315789473684,400000
"chr13.34","chr13",0.473684210526316,600000
"chr13.35","chr13",1,1200000
"chr13.36","chr13",1,1200000
"chr13.37","chr13",1,600000
"chr13.38","chr13",1,4400000
"chr13.39","chr13",1,1800000
"chr13.40","chr13",1,1200000
"chr13.41","chr13",1,1400000
"chr13.42","chr13",1,2500000
"chr13.43","chr13",1,1300000
"chr13.44","chr13",1,1600000
"chr13.45","chr13",1,900000
"chr13.46","chr13",1,1200000
"chr13.47","chr13",1,1200000
"chr13.48","chr13",1,2000000
"chr13.49","chr13",1,1100000
"chr13.50","chr13",1,700000
"chr13.51","chr13",1,800000
"chr13.52","chr13",1,600000
"chr13.53","chr13",0.0645161290322581,1100000
"chr13.54","chr13",0.165094339622642,700000
"chr13.55","chr13",0.283018867924528,500000
"chr13.56","chr13",0.636792452830189,1500000
"chr13.57","chr13",0.966981132075472,1400000
"chr13.58","chr13",0.0330188679245283,1400000
"chr13.59","chr13",1,2400000
"chr13.60","chr13",0.548387096774194,1100000
"chr13.61","chr13",1,1900000
"chr13.62","chr13",1,1300000
"chr13.63","chr13",1,1900000
"chr13.64","chr13",1,1100000
"chr13.65","chr13",0,2200000
"chr13.66","chr13",0.389830508474576,900000
"chr13.67","chr13",0.610169491525424,700000
"chr13.68","chr13",1,900000
"chr13.69","chr13",0.819444444444444,800000
"chr13.70","chr13",1,1000000
"chr13.71","chr13",1,1000000
"chr13.72","chr13",0.916666666666667,600000
"chr13.73","chr13",0.978260869565217,800000
"chr13.74","chr13",1,600000
"chr13.75","chr13",1,1800000
"chr13.76","chr13",0.647058823529412,700000
"chr13.77","chr13",0.352941176470588,1800000
"chr13.78","chr13",1,1000000
"chr13.79","chr13",0,800000
"chr13.80","chr13",0.778947368421053,1300000
"chr13.81","chr13",0,800000
"chr13.82","chr13",1,900000
"chr13.83","chr13",0,1100000
"chr13.84","chr13",0,800000
"chr13.85","chr13",0,200000
"chr13.86","chr13",NA,NA
"chr13.87","chr13",NA,NA
"chr13.88","chr13",NA,NA
"chr14.1","chr14",0,700000
"chr14.2","chr14",0,800000
"chr14.3","chr14",0,600000
"chr14.4","chr14",0,1100000
"chr14.5","chr14",0,900000
"chr14.6","chr14",0,3300000
"chr14.7","chr14",0,1900000
"chr14.8","chr14",0,900000
"chr14.9","chr14",0,1100000
"chr14.10","chr14",0,1200000
"chr14.11","chr14",0,800000
"chr14.12","chr14",0,1300000
"chr14.13","chr14",0,800000
"chr14.14","chr14",0,500000
"chr14.15","chr14",0,1800000
"chr14.16","chr14",0,600000
"chr14.17","chr14",1,5300000
"chr14.18","chr14",0.941176470588235,500000
"chr14.19","chr14",1,1100000
"chr14.20","chr14",1,3100000
"chr14.21","chr14",1,900000
"chr14.22","chr14",0.91304347826087,400000
"chr14.23","chr14",1,1100000
"chr14.24","chr14",0.619047619047619,600000
"chr14.25","chr14",1,700000
"chr14.26","chr14",1,1100000
"chr14.27","chr14",0.836734693877551,600000
"chr14.28","chr14",1,400000
"chr14.29","chr14",0.882352941176471,200000
"chr14.30","chr14",1,800000
"chr14.31","chr14",1,900000
"chr14.32","chr14",1,800000
"chr14.33","chr14",1,1000000
"chr14.34","chr14",0.675,400000
"chr14.35","chr14",1,1100000
"chr14.36","chr14",0.540816326530612,700000
"chr14.37","chr14",0.795918367346939,500000
"chr14.38","chr14",0.204081632653061,1200000
"chr14.39","chr14",0.839285714285714,1600000
"chr14.40","chr14",0.358974358974359,1200000
"chr14.41","chr14",1,1100000
"chr14.42","chr14",0,700000
"chr14.43","chr14",0,400000
"chr14.44","chr14",0.236111111111111,1200000
"chr14.45","chr14",0.763888888888889,800000
"chr14.46","chr14",1,800000
"chr14.47","chr14",1,1200000
"chr14.48","chr14",1,700000
"chr14.49","chr14",1,500000
"chr14.50","chr14",1,1100000
"chr14.51","chr14",0.48780487804878,200000
"chr14.52","chr14",1,700000
"chr14.53","chr14",1,1100000
"chr14.54","chr14",1,2000000
"chr14.55","chr14",1,600000
"chr14.56","chr14",1,6200000
"chr14.57","chr14",1,1300000
"chr14.58","chr14",0.447368421052632,900000
"chr14.59","chr14",1,900000
"chr14.60","chr14",0.6875,300000
"chr14.61","chr14",1,600000
"chr14.62","chr14",1,600000
"chr14.63","chr14",1,900000
"chr14.64","chr14",1,500000
"chr14.65","chr14",1,800000
"chr14.66","chr14",0.454545454545455,800000
"chr14.67","chr14",1,2800000
"chr14.68","chr14",1,600000
"chr14.69","chr14",1,500000
"chr14.70","chr14",1,1200000
"chr14.71","chr14",1,600000
"chr14.72","chr14",1,1100000
"chr14.73","chr14",0.428571428571429,800000
"chr14.74","chr14",1,800000
"chr14.75","chr14",1,800000
"chr14.76","chr14",0.582278481012658,500000
"chr14.77","chr14",NA,NA
"chr14.78","chr14",NA,NA
"chr14.79","chr14",NA,NA
"chr14.80","chr14",NA,NA
"chr14.81","chr14",NA,NA
"chr15.1","chr15",0,1000000
"chr15.2","chr15",0,600000
"chr15.3","chr15",0,4700000
"chr15.4","chr15",0,1900000
"chr15.5","chr15",0,800000
"chr15.6","chr15",0,700000
"chr15.7","chr15",0,1400000
"chr15.8","chr15",0,900000
"chr15.9","chr15",0,1600000
"chr15.10","chr15",0,700000
"chr15.11","chr15",0,700000
"chr15.12","chr15",0,800000
"chr15.13","chr15",0,1300000
"chr15.14","chr15",0,1500000
"chr15.15","chr15",0,1600000
"chr15.16","chr15",0,800000
"chr15.17","chr15",0,600000
"chr15.18","chr15",0.732394366197183,600000
"chr15.19","chr15",1,2600000
"chr15.20","chr15",1,1900000
"chr15.21","chr15",0.394230769230769,800000
"chr15.22","chr15",0.971153846153846,600000
"chr15.23","chr15",0.222222222222222,400000
"chr15.24","chr15",0.181818181818182,600000
"chr15.25","chr15",1,1100000
"chr15.26","chr15",1,1300000
"chr15.27","chr15",0,400000
"chr15.28","chr15",0.72972972972973,600000
"chr15.29","chr15",1,1000000
"chr15.30","chr15",1,700000
"chr15.31","chr15",1,700000
"chr15.32","chr15",1,800000
"chr15.33","chr15",1,600000
"chr15.34","chr15",1,800000
"chr15.35","chr15",0.545454545454545,700000
"chr15.36","chr15",1,500000
"chr15.37","chr15",1,800000
"chr15.38","chr15",1,400000
"chr15.39","chr15",1,800000
"chr15.40","chr15",1,300000
"chr15.41","chr15",1,1200000
"chr15.42","chr15",0.947368421052632,300000
"chr15.43","chr15",1,1200000
"chr15.44","chr15",1,700000
"chr15.45","chr15",1,400000
"chr15.46","chr15",1,1000000
"chr15.47","chr15",0.869565217391304,1000000
"chr15.48","chr15",1,500000
"chr15.49","chr15",0.730434782608696,400000
"chr15.50","chr15",1,1600000
"chr15.51","chr15",1,1200000
"chr15.52","chr15",1,900000
"chr15.53","chr15",1,600000
"chr15.54","chr15",0.684210526315789,900000
"chr15.55","chr15",0.847457627118644,1300000
"chr15.56","chr15",1,700000
"chr15.57","chr15",1,400000
"chr15.58","chr15",1,900000
"chr15.59","chr15",1,700000
"chr15.60","chr15",1,1100000
"chr15.61","chr15",1,800000
"chr15.62","chr15",0.507936507936508,600000
"chr15.63","chr15",1,2400000
"chr15.64","chr15",0.894736842105263,600000
"chr15.65","chr15",1,400000
"chr15.66","chr15",1,600000
"chr15.67","chr15",1,800000
"chr15.68","chr15",1,2000000
"chr15.69","chr15",1,1500000
"chr15.70","chr15",1,700000
"chr15.71","chr15",1,1100000
"chr15.72","chr15",1,2100000
"chr15.73","chr15",1,700000
"chr15.74","chr15",1,700000
"chr15.75","chr15",1,700000
"chr15.76","chr15",1,1400000
"chr15.77","chr15",NA,NA
"chr15.78","chr15",NA,NA
"chr15.79","chr15",NA,NA
"chr15.80","chr15",NA,NA
"chr15.81","chr15",NA,NA
"chr15.82","chr15",NA,NA
"chr15.83","chr15",NA,NA
"chr16.1","chr16",1,700000
"chr16.2","chr16",1,600000
"chr16.3","chr16",1,700000
"chr16.4","chr16",1,1000000
"chr16.5","chr16",1,600000
"chr16.6","chr16",1,800000
"chr16.7","chr16",1,800000
"chr16.8","chr16",0.990853658536585,3400000
"chr16.9","chr16",1,700000
"chr16.10","chr16",0,1000000
"chr16.11","chr16",1,600000
"chr16.12","chr16",1,700000
"chr16.13","chr16",1,1800000
"chr16.14","chr16",0.59375,800000
"chr16.15","chr16",1,1000000
"chr16.16","chr16",1,900000
"chr16.17","chr16",0.425531914893617,500000
"chr16.18","chr16",0.774193548387097,900000
"chr16.19","chr16",1,1000000
"chr16.20","chr16",0.488372093023256,800000
"chr16.21","chr16",1,900000
"chr16.22","chr16",1,1000000
"chr16.23","chr16",0,1000000
"chr16.24","chr16",0,700000
"chr16.25","chr16",1,1900000
"chr16.26","chr16",0.0384615384615385,1200000
"chr16.27","chr16",0.586206896551724,1000000
"chr16.28","chr16",1,700000
"chr16.29","chr16",1,1200000
"chr16.30","chr16",1,900000
"chr16.31","chr16",1,1000000
"chr16.32","chr16",1,1800000
"chr16.33","chr16",0,500000
"chr16.34","chr16",0.738461538461539,700000
"chr16.35","chr16",0.261538461538462,600000
"chr16.36","chr16",0.837837837837838,700000
"chr16.37","chr16",0.162162162162162,1200000
"chr16.38","chr16",0,900000
"chr16.39","chr16",0,600000
"chr16.40","chr16",0,1800000
"chr16.41","chr16",0,1100000
"chr16.42","chr16",0,600000
"chr16.43","chr16",0,1000000
"chr16.44","chr16",0,3400000
"chr16.45","chr16",1,4200000
"chr16.46","chr16",1,500000
"chr16.47","chr16",1,800000
"chr16.48","chr16",1,900000
"chr16.49","chr16",1,800000
"chr16.50","chr16",1,800000
"chr16.51","chr16",0.15,900000
"chr16.52","chr16",1,2200000
"chr16.53","chr16",1,900000
"chr16.54","chr16",1,600000
"chr16.55","chr16",1,1400000
"chr16.56","chr16",0,1000000
"chr16.57","chr16",0,2800000
"chr16.58","chr16",0.443298969072165,800000
"chr16.59","chr16",1,1700000
"chr16.60","chr16",1,700000
"chr16.61","chr16",0.474576271186441,300000
"chr16.62","chr16",1,600000
"chr16.63","chr16",1,1300000
"chr16.64","chr16",1,1200000
"chr16.65","chr16",1,700000
"chr16.66","chr16",1,900000
"chr16.67","chr16",NA,NA
"chr16.68","chr16",NA,NA
"chr17.1","chr17",0.96,900000
"chr17.2","chr17",1,600000
"chr17.3","chr17",1,1000000
"chr17.4","chr17",1,900000
"chr17.5","chr17",1,1300000
"chr17.6","chr17",1,600000
"chr17.7","chr17",1,1100000
"chr17.8","chr17",1,400000
"chr17.9","chr17",1,500000
"chr17.10","chr17",0.707317073170732,400000
"chr17.11","chr17",1,1600000
"chr17.12","chr17",1,1100000
"chr17.13","chr17",0.857142857142857,1100000
"chr17.14","chr17",1,1100000
"chr17.15","chr17",1,2400000
"chr17.16","chr17",1,800000
"chr17.17","chr17",1,1300000
"chr17.18","chr17",0.818181818181818,200000
"chr17.19","chr17",0.333333333333333,200000
"chr17.20","chr17",1,1100000
"chr17.21","chr17",0,200000
"chr17.22","chr17",1,700000
"chr17.23","chr17",1,600000
"chr17.24","chr17",0.9375,800000
"chr17.25","chr17",1,700000
"chr17.26","chr17",0.776315789473684,300000
"chr17.27","chr17",0.223684210526316,1100000
"chr17.28","chr17",0,600000
"chr17.29","chr17",0.583333333333333,1600000
"chr17.30","chr17",1,2200000
"chr17.31","chr17",1,700000
"chr17.32","chr17",1,400000
"chr17.33","chr17",1,1300000
"chr17.34","chr17",1,1200000
"chr17.35","chr17",1,900000
"chr17.36","chr17",1,1200000
"chr17.37","chr17",1,700000
"chr17.38","chr17",0,700000
"chr17.39","chr17",1,1100000
"chr17.40","chr17",0.875,200000
"chr17.41","chr17",1,600000
"chr17.42","chr17",1,600000
"chr17.43","chr17",1,900000
"chr17.44","chr17",1,800000
"chr17.45","chr17",1,700000
"chr17.46","chr17",1,800000
"chr17.47","chr17",1,300000
"chr17.48","chr17",1,600000
"chr17.49","chr17",1,3400000
"chr17.50","chr17",1,1000000
"chr17.51","chr17",1,1000000
"chr17.52","chr17",1,800000
"chr17.53","chr17",1,700000
"chr17.54","chr17",1,700000
"chr17.55","chr17",0.153846153846154,700000
"chr17.56","chr17",0,700000
"chr17.57","chr17",0,900000
"chr17.58","chr17",0,600000
"chr17.59","chr17",1,1300000
"chr17.60","chr17",1,1100000
"chr17.61","chr17",0.833333333333333,300000
"chr17.62","chr17",1,1000000
"chr17.63","chr17",1,1100000
"chr17.64","chr17",1,600000
"chr17.65","chr17",0.545454545454545,600000
"chr17.66","chr17",1,1000000
"chr17.67","chr17",1,1100000
"chr17.68","chr17",1,2000000
"chr17.69","chr17",1,800000
"chr17.70","chr17",1,800000
"chr17.71","chr17",0.979591836734694,500000
"chr17.72","chr17",1,1000000
"chr17.73","chr17",1,800000
"chr17.74","chr17",1,700000
"chr17.75","chr17",1,900000
"chr17.76","chr17",0.785714285714286,400000
"chr17.77","chr17",1,700000
"chr17.78","chr17",1,1400000
"chr17.79","chr17",0.940298507462687,500000
"chr17.80","chr17",1,600000
"chr17.81","chr17",0.769230769230769,600000
"chr17.82","chr17",NA,NA
"chr17.83","chr17",NA,NA
"chr17.84","chr17",NA,NA
"chr17.85","chr17",NA,NA
"chr17.86","chr17",NA,NA
"chr17.87","chr17",NA,NA
"chr18.1","chr18",1,800000
"chr18.2","chr18",1,1700000
"chr18.3","chr18",1,600000
"chr18.4","chr18",1,400000
"chr18.5","chr18",0.692307692307692,300000
"chr18.6","chr18",0.829787234042553,1100000
"chr18.7","chr18",1,700000
"chr18.8","chr18",1,800000
"chr18.9","chr18",1,1800000
"chr18.10","chr18",1,1400000
"chr18.11","chr18",1,800000
"chr18.12","chr18",1,700000
"chr18.13","chr18",0.80188679245283,300000
"chr18.14","chr18",1,700000
"chr18.15","chr18",1,900000
"chr18.16","chr18",1,900000
"chr18.17","chr18",0.703703703703704,1100000
"chr18.18","chr18",0,700000
"chr18.19","chr18",0,1100000
"chr18.20","chr18",0,1700000
"chr18.21","chr18",1,700000
"chr18.22","chr18",1,900000
"chr18.23","chr18",1,2200000
"chr18.24","chr18",1,1100000
"chr18.25","chr18",0.166666666666667,600000
"chr18.26","chr18",0.833333333333333,600000
"chr18.27","chr18",0.644067796610169,1000000
"chr18.28","chr18",0.708333333333333,700000
"chr18.29","chr18",0.982456140350877,1100000
"chr18.30","chr18",0.0175438596491228,1100000
"chr18.31","chr18",1,600000
"chr18.32","chr18",0.473684210526316,800000
"chr18.33","chr18",1,4300000
"chr18.34","chr18",1,1700000
"chr18.35","chr18",1,1600000
"chr18.36","chr18",0.0927835051546392,600000
"chr18.37","chr18",1,2100000
"chr18.38","chr18",0,500000
"chr18.39","chr18",1,1100000
"chr18.40","chr18",1,800000
"chr18.41","chr18",0.714285714285714,800000
"chr18.42","chr18",1,1100000
"chr18.43","chr18",1,1600000
"chr18.44","chr18",1,1600000
"chr18.45","chr18",1,1000000
"chr18.46","chr18",0,700000
"chr18.47","chr18",0,1500000
"chr18.48","chr18",0.962962962962963,800000
"chr18.49","chr18",0.5,600000
"chr18.50","chr18",1,1000000
"chr18.51","chr18",1,600000
"chr18.52","chr18",1,3100000
"chr18.53","chr18",1,1700000
"chr18.54","chr18",1,1700000
"chr18.55","chr18",1,2100000
"chr18.56","chr18",0.803389830508475,1400000
"chr18.57","chr18",0.196610169491525,600000
"chr18.58","chr18",1,2200000
"chr18.59","chr18",1,2200000
"chr18.60","chr18",0.565,300000
"chr18.61","chr18",0.435,900000
"chr18.62","chr18",NA,NA
"chr18.63","chr18",NA,NA
"chr19.1","chr19",1,500000
"chr19.2","chr19",1,500000
"chr19.3","chr19",1,600000
"chr19.4","chr19",0.91304347826087,500000
"chr19.5","chr19",1,500000
"chr19.6","chr19",1,300000
"chr19.7","chr19",0.925925925925926,300000
"chr19.8","chr19",1,1200000
"chr19.9","chr19",1,1000000
"chr19.10","chr19",1,1200000
"chr19.11","chr19",0.75,1000000
"chr19.12","chr19",1,700000
"chr19.13","chr19",1,1200000
"chr19.14","chr19",1,600000
"chr19.15","chr19",1,700000
"chr19.16","chr19",1,1100000
"chr19.17","chr19",1,900000
"chr19.18","chr19",1,700000
"chr19.19","chr19",1,1700000
"chr19.20","chr19",0.975609756097561,300000
"chr19.21","chr19",1,900000
"chr19.22","chr19",1,1000000
"chr19.23","chr19",1,1200000
"chr19.24","chr19",1,4400000
"chr19.25","chr19",0,1800000
"chr19.26","chr19",0.317567567567568,2800000
"chr19.27","chr19",1,2200000
"chr19.28","chr19",1,500000
"chr19.29","chr19",1,1000000
"chr19.30","chr19",1,1700000
"chr19.31","chr19",1,600000
"chr19.32","chr19",1,600000
"chr19.33","chr19",1,600000
"chr19.34","chr19",1,700000
"chr19.35","chr19",0.475,300000
"chr19.36","chr19",0.525,1200000
"chr19.37","chr19",0.641025641025641,200000
"chr19.38","chr19",0.358974358974359,700000
"chr19.39","chr19",1,1300000
"chr19.40","chr19",1,1100000
"chr19.41","chr19",1,800000
"chr19.42","chr19",1,600000
"chr19.43","chr19",1,700000
"chr19.44","chr19",1,600000
"chr19.45","chr19",1,400000
"chr19.46","chr19",0.571428571428571,200000
"chr19.47","chr19",0.8,700000
"chr19.48","chr19",1,1200000
"chr19.49","chr19",0.430555555555556,400000
"chr19.50","chr19",1,2400000
"chr19.51","chr19",1,1400000
"chr19.52","chr19",1,1500000
"chr19.53","chr19",1,1400000
"chr19.54","chr19",NA,NA
"chr19.55","chr19",NA,NA
"chr19.56","chr19",NA,NA
"chr19.57","chr19",NA,NA
"chr1.1","chr1",0.5625,1100000
"chr1.2","chr1",1,700000
"chr1.3","chr1",1,700000
"chr1.4","chr1",0.108108108108108,500000
"chr1.5","chr1",1,2000000
"chr1.6","chr1",0.461538461538462,700000
"chr1.7","chr1",1,1100000
"chr1.8","chr1",0.673469387755102,400000
"chr1.9","chr1",1,800000
"chr1.10","chr1",1,1100000
"chr1.11","chr1",1,600000
"chr1.12","chr1",1,900000
"chr1.13","chr1",1,600000
"chr1.14","chr1",1,1900000
"chr1.15","chr1",1,1300000
"chr1.16","chr1",0.676470588235294,600000
"chr1.17","chr1",1,1300000
"chr1.18","chr1",1,1200000
"chr1.19","chr1",1,600000
"chr1.20","chr1",1,700000
"chr1.21","chr1",1,800000
"chr1.22","chr1",1,500000
"chr1.23","chr1",1,900000
"chr1.24","chr1",1,1100000
"chr1.25","chr1",1,600000
"chr1.26","chr1",1,700000
"chr1.27","chr1",1,800000
"chr1.28","chr1",1,600000
"chr1.29","chr1",1,1400000
"chr1.30","chr1",1,700000
"chr1.31","chr1",1,600000
"chr1.32","chr1",1,1100000
"chr1.33","chr1",0.652173913043478,1200000
"chr1.34","chr1",1,1100000
"chr1.35","chr1",1,500000
"chr1.36","chr1",1,1000000
"chr1.37","chr1",1,1400000
"chr1.38","chr1",0.642857142857143,800000
"chr1.39","chr1",1,800000
"chr1.40","chr1",1,600000
"chr1.41","chr1",0.947368421052632,1300000
"chr1.42","chr1",0.863636363636364,600000
"chr1.43","chr1",1,700000
"chr1.44","chr1",1,700000
"chr1.45","chr1",1,700000
"chr1.46","chr1",1,1700000
"chr1.47","chr1",1,2300000
"chr1.48","chr1",1,1000000
"chr1.49","chr1",1,500000
"chr1.50","chr1",1,1200000
"chr1.51","chr1",1,1600000
"chr1.52","chr1",1,1700000
"chr1.53","chr1",1,1900000
"chr1.54","chr1",1,1300000
"chr1.55","chr1",1,900000
"chr1.56","chr1",1,1300000
"chr1.57","chr1",1,700000
"chr1.58","chr1",0.546153846153846,700000
"chr1.59","chr1",1,3200000
"chr1.60","chr1",1,800000
"chr1.61","chr1",0.857142857142857,300000
"chr1.62","chr1",1,2100000
"chr1.63","chr1",0.956521739130435,600000
"chr1.64","chr1",1,4200000
"chr1.65","chr1",0.8203125,1100000
"chr1.66","chr1",1,2300000
"chr1.67","chr1",0,600000
"chr1.68","chr1",1,2500000
"chr1.69","chr1",1,2300000
"chr1.70","chr1",1,1500000
"chr1.71","chr1",0.771428571428571,1000000
"chr1.72","chr1",0.228571428571429,800000
"chr1.73","chr1",1,1500000
"chr1.74","chr1",0,900000
"chr1.75","chr1",0,500000
"chr1.76","chr1",1,1200000
"chr1.77","chr1",1,800000
"chr1.78","chr1",0.833333333333333,800000
"chr1.79","chr1",0.767123287671233,400000
"chr1.80","chr1",1,700000
"chr1.81","chr1",1,1300000
"chr1.82","chr1",1,1700000
"chr1.83","chr1",1,1200000
"chr1.84","chr1",1,1600000
"chr1.85","chr1",1,1200000
"chr1.86","chr1",1,600000
"chr1.87","chr1",1,2000000
"chr1.88","chr1",1,2200000
"chr1.89","chr1",1,1200000
"chr1.90","chr1",1,600000
"chr1.91","chr1",0.206896551724138,600000
"chr1.92","chr1",0.704918032786885,500000
"chr1.93","chr1",0.844748858447489,500000
"chr1.94","chr1",0,500000
"chr1.95","chr1",0.488461538461538,1000000
"chr1.96","chr1",0.680769230769231,500000
"chr1.97","chr1",0.95,700000
"chr1.98","chr1",0.05,700000
"chr1.99","chr1",1,1200000
"chr1.100","chr1",1,1100000
"chr1.101","chr1",0.941176470588235,500000
"chr1.102","chr1",1,600000
"chr1.103","chr1",1,800000
"chr1.104","chr1",1,1300000
"chr1.105","chr1",1,800000
"chr1.106","chr1",0.754385964912281,300000
"chr1.107","chr1",1,700000
"chr1.108","chr1",1,1100000
"chr1.109","chr1",0.315789473684211,300000
"chr1.110","chr1",1,1400000
"chr1.111","chr1",1,800000
"chr1.112","chr1",1,1400000
"chr1.113","chr1",1,900000
"chr1.114","chr1",0.258064516129032,1300000
"chr1.115","chr1",0,1200000
"chr1.116","chr1",0,1000000
"chr1.117","chr1",0,900000
"chr1.118","chr1",0,600000
"chr1.119","chr1",0,1300000
"chr1.120","chr1",0,600000
"chr1.121","chr1",0,1900000
"chr1.122","chr1",0,1500000
"chr1.123","chr1",0,800000
"chr1.124","chr1",0,600000
"chr1.125","chr1",0,1200000
"chr1.126","chr1",0,300000
"chr1.127","chr1",0,1500000
"chr1.128","chr1",0,1300000
"chr1.129","chr1",0,1600000
"chr1.130","chr1",0,800000
"chr1.131","chr1",0,1300000
"chr1.132","chr1",0,1900000
"chr1.133","chr1",0,1400000
"chr1.134","chr1",0.45,400000
"chr1.135","chr1",1,800000
"chr1.136","chr1",0,700000
"chr1.137","chr1",1,800000
"chr1.138","chr1",0.3125,800000
"chr1.139","chr1",0,400000
"chr1.140","chr1",0,700000
"chr1.141","chr1",1,1000000
"chr1.142","chr1",1,600000
"chr1.143","chr1",1,700000
"chr1.144","chr1",1,3500000
"chr1.145","chr1",1,2600000
"chr1.146","chr1",1,3600000
"chr1.147","chr1",0.739130434782609,700000
"chr1.148","chr1",1,1300000
"chr1.149","chr1",0.36,800000
"chr1.150","chr1",1,1000000
"chr1.151","chr1",0.613636363636364,400000
"chr1.152","chr1",1,800000
"chr1.153","chr1",1,900000
"chr1.154","chr1",1,600000
"chr1.155","chr1",0.945945945945946,600000
"chr1.156","chr1",1,400000
"chr1.157","chr1",1,900000
"chr1.158","chr1",1,900000
"chr1.159","chr1",1,1700000
"chr1.160","chr1",0.966666666666667,300000
"chr1.161","chr1",1,1400000
"chr1.162","chr1",1,1200000
"chr1.163","chr1",0.955555555555556,500000
"chr1.164","chr1",1,1000000
"chr1.165","chr1",1,600000
"chr1.166","chr1",1,900000
"chr1.167","chr1",1,2600000
"chr1.168","chr1",1,1600000
"chr1.169","chr1",1,1000000
"chr1.170","chr1",1,600000
"chr1.171","chr1",1,1000000
"chr1.172","chr1",1,1300000
"chr1.173","chr1",1,700000
"chr1.174","chr1",1,800000
"chr1.175","chr1",0,800000
"chr1.176","chr1",0,300000
"chr1.177","chr1",0.5,900000
"chr1.178","chr1",0.5,1200000
"chr1.179","chr1",0,600000
"chr1.180","chr1",0.106382978723404,300000
"chr1.181","chr1",1,800000
"chr1.182","chr1",1,800000
"chr1.183","chr1",0,500000
"chr1.184","chr1",0,1500000
"chr1.185","chr1",1,1100000
"chr1.186","chr1",1,1500000
"chr1.187","chr1",1,600000
"chr1.188","chr1",1,1100000
"chr1.189","chr1",1,2300000
"chr1.190","chr1",1,1400000
"chr1.191","chr1",1,1500000
"chr1.192","chr1",1,1300000
"chr1.193","chr1",1,700000
"chr1.194","chr1",1,1600000
"chr1.195","chr1",0.785714285714286,800000
"chr1.196","chr1",1,700000
"chr1.197","chr1",1,600000
"chr1.198","chr1",NA,NA
"chr1.199","chr1",NA,NA
"chr1.200","chr1",NA,NA
"chr1.201","chr1",NA,NA
"chr1.202","chr1",NA,NA
"chr1.203","chr1",NA,NA
"chr1.204","chr1",NA,NA
"chr1.205","chr1",NA,NA
"chr1.206","chr1",NA,NA
"chr1.207","chr1",NA,NA
"chr1.208","chr1",NA,NA
"chr1.209","chr1",NA,NA
"chr20.1","chr20",1,600000
"chr20.2","chr20",1,500000
"chr20.3","chr20",1,600000
"chr20.4","chr20",1,700000
"chr20.5","chr20",1,600000
"chr20.6","chr20",0.688888888888889,300000
"chr20.7","chr20",0.585365853658537,500000
"chr20.8","chr20",1,600000
"chr20.9","chr20",1,600000
"chr20.10","chr20",1,800000
"chr20.11","chr20",1,1800000
"chr20.12","chr20",1,900000
"chr20.13","chr20",1,2800000
"chr20.14","chr20",1,1300000
"chr20.15","chr20",1,1200000
"chr20.16","chr20",1,1600000
"chr20.17","chr20",1,1100000
"chr20.18","chr20",1,600000
"chr20.19","chr20",1,900000
"chr20.20","chr20",1,1400000
"chr20.21","chr20",0.648648648648649,300000
"chr20.22","chr20",1,1600000
"chr20.23","chr20",0.892857142857143,700000
"chr20.24","chr20",1,1400000
"chr20.25","chr20",1,1200000
"chr20.26","chr20",1,800000
"chr20.27","chr20",1,1300000
"chr20.28","chr20",0,700000
"chr20.29","chr20",0,600000
"chr20.30","chr20",0,700000
"chr20.31","chr20",0,600000
"chr20.32","chr20",0,600000
"chr20.33","chr20",1,500000
"chr20.34","chr20",1,700000
"chr20.35","chr20",1,1100000
"chr20.36","chr20",1,1900000
"chr20.37","chr20",0.772727272727273,700000
"chr20.38","chr20",1,1600000
"chr20.39","chr20",1,600000
"chr20.40","chr20",1,700000
"chr20.41","chr20",0,1000000
"chr20.42","chr20",1,1100000
"chr20.43","chr20",0.165289256198347,500000
"chr20.44","chr20",0.826446280991736,800000
"chr20.45","chr20",0.76,400000
"chr20.46","chr20",1,700000
"chr20.47","chr20",1,800000
"chr20.48","chr20",1,2500000
"chr20.49","chr20",1,700000
"chr20.50","chr20",0.574468085106383,600000
"chr20.51","chr20",1,1500000
"chr20.52","chr20",1,1800000
"chr20.53","chr20",1,1300000
"chr20.54","chr20",0.666666666666667,400000
"chr20.55","chr20",1,2000000
"chr20.56","chr20",1,1000000
"chr20.57","chr20",0.975903614457831,600000
"chr20.58","chr20",1,800000
"chr20.59","chr20",NA,NA
"chr20.60","chr20",NA,NA
"chr20.61","chr20",NA,NA
"chr21.1","chr21",1,1800000
"chr21.2","chr21",0,1300000
"chr21.3","chr21",1,1400000
"chr21.4","chr21",1,1700000
"chr21.5","chr21",1,900000
"chr21.6","chr21",1,7300000
"chr21.7","chr21",0.806451612903226,400000
"chr21.8","chr21",0.829787234042553,500000
"chr21.9","chr21",1,2100000
"chr21.10","chr21",1,700000
"chr21.11","chr21",0.863636363636364,400000
"chr21.12","chr21",0.888888888888889,1100000
"chr21.13","chr21",1,700000
"chr21.14","chr21",1,700000
"chr21.15","chr21",1,900000
"chr21.16","chr21",0.892857142857143,600000
"chr21.17","chr21",1,1400000
"chr21.18","chr21",1,700000
"chr21.19","chr21",1,600000
"chr21.20","chr21",1,800000
"chr21.21","chr21",1,1100000
"chr21.22","chr21",1,1600000
"chr21.23","chr21",0.729323308270677,700000
"chr21.24","chr21",1,800000
"chr21.25","chr21",1,700000
"chr21.26","chr21",1,900000
"chr21.27","chr21",1,700000
"chr21.28","chr21",NA,NA
"chr21.29","chr21",NA,NA
"chr21.30","chr21",NA,NA
"chr22.1","chr22",0,700000
"chr22.2","chr22",0,600000
"chr22.3","chr22",1,700000
"chr22.4","chr22",1,700000
"chr22.5","chr22",1,900000
"chr22.6","chr22",1,1600000
"chr22.7","chr22",0.962962962962963,1000000
"chr22.8","chr22",1,600000
"chr22.9","chr22",1,400000
"chr22.10","chr22",1,800000
"chr22.11","chr22",1,600000
"chr22.12","chr22",1,1200000
"chr22.13","chr22",1,300000
"chr22.14","chr22",1,1100000
"chr22.15","chr22",1,800000
"chr22.16","chr22",1,700000
"chr22.17","chr22",1,1100000
"chr22.18","chr22",1,900000
"chr22.19","chr22",1,600000
"chr22.20","chr22",1,1300000
"chr22.21","chr22",1,2000000
"chr22.22","chr22",1,1000000
"chr22.23","chr22",0.533333333333333,300000
"chr22.24","chr22",1,600000
"chr22.25","chr22",0.80952380952381,400000
"chr22.26","chr22",1,800000
"chr22.27","chr22",1,800000
"chr22.28","chr22",1,800000
"chr22.29","chr22",1,600000
"chr22.30","chr22",1,700000
"chr22.31","chr22",1,1000000
"chr22.32","chr22",1,600000
"chr22.33","chr22",1,1600000
"chr22.34","chr22",1,2400000
"chr22.35","chr22",0.461538461538462,1300000
"chr22.36","chr22",0,1200000
"chr22.37","chr22",0,1200000
"chr22.38","chr22",NA,NA
"chr22.39","chr22",NA,NA
"chr22.40","chr22",NA,NA
"chr22.41","chr22",NA,NA
"chr22.42","chr22",NA,NA
"chr22.43","chr22",NA,NA
"chr2.1","chr2",1,1800000
"chr2.2","chr2",1,2000000
"chr2.3","chr2",1,3200000
"chr2.4","chr2",1,1200000
"chr2.5","chr2",1,700000
"chr2.6","chr2",1,1400000
"chr2.7","chr2",1,1100000
"chr2.8","chr2",1,1900000
"chr2.9","chr2",0,700000
"chr2.10","chr2",1,1800000
"chr2.11","chr2",0.978021978021978,1000000
"chr2.12","chr2",1,1400000
"chr2.13","chr2",1,400000
"chr2.14","chr2",1,2700000
"chr2.15","chr2",1,1400000
"chr2.16","chr2",1,1200000
"chr2.17","chr2",0.933333333333333,300000
"chr2.18","chr2",1,800000
"chr2.19","chr2",0.702127659574468,400000
"chr2.20","chr2",1,800000
"chr2.21","chr2",1,1100000
"chr2.22","chr2",1,1100000
"chr2.23","chr2",1,1000000
"chr2.24","chr2",1,3100000
"chr2.25","chr2",1,1700000
"chr2.26","chr2",0,400000
"chr2.27","chr2",0,600000
"chr2.28","chr2",1,1900000
"chr2.29","chr2",0.96,300000
"chr2.30","chr2",1,600000
"chr2.31","chr2",1,600000
"chr2.32","chr2",1,1200000
"chr2.33","chr2",1,600000
"chr2.34","chr2",1,1500000
"chr2.35","chr2",1,2000000
"chr2.36","chr2",1,3000000
"chr2.37","chr2",1,1000000
"chr2.38","chr2",1,900000
"chr2.39","chr2",0,1900000
"chr2.40","chr2",0,900000
"chr2.41","chr2",1,2200000
"chr2.42","chr2",1,1100000
"chr2.43","chr2",1,1400000
"chr2.44","chr2",0.638297872340426,300000
"chr2.45","chr2",0.99290780141844,500000
"chr2.46","chr2",0.320987654320988,400000
"chr2.47","chr2",1,2400000
"chr2.48","chr2",0.545454545454545,500000
"chr2.49","chr2",1,900000
"chr2.50","chr2",1,800000
"chr2.51","chr2",1,700000
"chr2.52","chr2",0.88,600000
"chr2.53","chr2",1,1300000
"chr2.54","chr2",1,900000
"chr2.55","chr2",1,1100000
"chr2.56","chr2",1,1100000
"chr2.57","chr2",1,2400000
"chr2.58","chr2",1,800000
"chr2.59","chr2",1,4400000
"chr2.60","chr2",0,1000000
"chr2.61","chr2",0,900000
"chr2.62","chr2",0,1100000
"chr2.63","chr2",0,700000
"chr2.64","chr2",1,800000
"chr2.65","chr2",0.62962962962963,900000
"chr2.66","chr2",0,1000000
"chr2.67","chr2",0.550724637681159,700000
"chr2.68","chr2",0.449275362318841,1000000
"chr2.69","chr2",1,700000
"chr2.70","chr2",1,700000
"chr2.71","chr2",1,2200000
"chr2.72","chr2",1,1100000
"chr2.73","chr2",0,1200000
"chr2.74","chr2",0,300000
"chr2.75","chr2",0,700000
"chr2.76","chr2",0.808823529411765,800000
"chr2.77","chr2",0.191176470588235,700000
"chr2.78","chr2",0,600000
"chr2.79","chr2",0,700000
"chr2.80","chr2",0,400000
"chr2.81","chr2",1,3900000
"chr2.82","chr2",1,1500000
"chr2.83","chr2",1,800000
"chr2.84","chr2",1,900000
"chr2.85","chr2",0.695652173913043,600000
"chr2.86","chr2",1,4000000
"chr2.87","chr2",1,1200000
"chr2.88","chr2",0,500000
"chr2.89","chr2",1,600000
"chr2.90","chr2",1,1700000
"chr2.91","chr2",0,1200000
"chr2.92","chr2",1,1600000
"chr2.93","chr2",1,900000
"chr2.94","chr2",1,900000
"chr2.95","chr2",0.82258064516129,1500000
"chr2.96","chr2",0.619047619047619,1000000
"chr2.97","chr2",1,2100000
"chr2.98","chr2",1,2100000
"chr2.99","chr2",1,1700000
"chr2.100","chr2",0,1100000
"chr2.101","chr2",0.0357142857142857,900000
"chr2.102","chr2",0.964285714285714,1200000
"chr2.103","chr2",0.565217391304348,1000000
"chr2.104","chr2",1,700000
"chr2.105","chr2",1,1600000
"chr2.106","chr2",1,800000
"chr2.107","chr2",1,700000
"chr2.108","chr2",1,1600000
"chr2.109","chr2",1,1000000
"chr2.110","chr2",1,1900000
"chr2.111","chr2",1,800000
"chr2.112","chr2",1,800000
"chr2.113","chr2",0.865671641791045,1200000
"chr2.114","chr2",1,1000000
"chr2.115","chr2",0,400000
"chr2.116","chr2",0,900000
"chr2.117","chr2",0.371134020618557,800000
"chr2.118","chr2",0.625,1500000
"chr2.119","chr2",1,600000
"chr2.120","chr2",0.96,1100000
"chr2.121","chr2",1,1800000
"chr2.122","chr2",1,700000
"chr2.123","chr2",0.260504201680672,400000
"chr2.124","chr2",0.764705882352941,600000
"chr2.125","chr2",1,1000000
"chr2.126","chr2",1,600000
"chr2.127","chr2",0.75,700000
"chr2.128","chr2",0.715909090909091,500000
"chr2.129","chr2",1,1800000
"chr2.130","chr2",1,700000
"chr2.131","chr2",0.91025641025641,1900000
"chr2.132","chr2",0,500000
"chr2.133","chr2",0.661971830985915,600000
"chr2.134","chr2",1,800000
"chr2.135","chr2",1,600000
"chr2.136","chr2",1,1000000
"chr2.137","chr2",1,700000
"chr2.138","chr2",0.531914893617021,400000
"chr2.139","chr2",1,1100000
"chr2.140","chr2",1,2000000
"chr2.141","chr2",1,1500000
"chr2.142","chr2",1,900000
"chr2.143","chr2",1,900000
"chr2.144","chr2",1,1100000
"chr2.145","chr2",0,700000
"chr2.146","chr2",1,700000
"chr2.147","chr2",1,1300000
"chr2.148","chr2",1,3700000
"chr2.149","chr2",0.909090909090909,600000
"chr2.150","chr2",1,500000
"chr2.151","chr2",0.571428571428571,300000
"chr2.152","chr2",1,600000
"chr2.153","chr2",1,1500000
"chr2.154","chr2",1,900000
"chr2.155","chr2",1,400000
"chr2.156","chr2",1,1100000
"chr2.157","chr2",1,1100000
"chr2.158","chr2",0.663157894736842,700000
"chr2.159","chr2",1,1800000
"chr2.160","chr2",0.230769230769231,1600000
"chr2.161","chr2",1,800000
"chr2.162","chr2",0,900000
"chr2.163","chr2",1,1200000
"chr2.164","chr2",1,2200000
"chr2.165","chr2",1,600000
"chr2.166","chr2",1,2100000
"chr2.167","chr2",0,700000
"chr2.168","chr2",0,1800000
"chr2.169","chr2",1,900000
"chr2.170","chr2",1,2500000
"chr2.171","chr2",0.117647058823529,600000
"chr2.172","chr2",0,300000
"chr2.173","chr2",1,700000
"chr2.174","chr2",1,700000
"chr2.175","chr2",1,700000
"chr2.176","chr2",1,700000
"chr2.177","chr2",1,1400000
"chr2.178","chr2",1,800000
"chr2.179","chr2",1,1800000
"chr2.180","chr2",1,600000
"chr2.181","chr2",1,500000
"chr2.182","chr2",1,800000
"chr2.183","chr2",0.735294117647059,700000
"chr2.184","chr2",0.602272727272727,400000
"chr2.185","chr2",1,800000
"chr2.186","chr2",1,1700000
"chr2.187","chr2",1,1200000
"chr2.188","chr2",1,800000
"chr2.189","chr2",0.744186046511628,500000
"chr2.190","chr2",1,1900000
"chr2.191","chr2",1,1200000
"chr2.192","chr2",NA,NA
"chr2.193","chr2",NA,NA
"chr2.194","chr2",NA,NA
"chr2.195","chr2",NA,NA
"chr2.196","chr2",NA,NA
"chr3.1","chr3",1,500000
"chr3.2","chr3",0,1500000
"chr3.3","chr3",0,1000000
"chr3.4","chr3",0.80188679245283,1100000
"chr3.5","chr3",0.742857142857143,500000
"chr3.6","chr3",1,1800000
"chr3.7","chr3",0.857627118644068,1400000
"chr3.8","chr3",0.142372881355932,600000
"chr3.9","chr3",1,700000
"chr3.10","chr3",1,800000
"chr3.11","chr3",1,700000
"chr3.12","chr3",1,900000
"chr3.13","chr3",1,800000
"chr3.14","chr3",1,1200000
"chr3.15","chr3",1,700000
"chr3.16","chr3",1,600000
"chr3.17","chr3",1,600000
"chr3.18","chr3",1,500000
"chr3.19","chr3",1,900000
"chr3.20","chr3",0.304347826086957,500000
"chr3.21","chr3",1,2500000
"chr3.22","chr3",1,1000000
"chr3.23","chr3",0,700000
"chr3.24","chr3",1,800000
"chr3.25","chr3",1,1600000
"chr3.26","chr3",1,600000
"chr3.27","chr3",0.555555555555556,700000
"chr3.28","chr3",1,1700000
"chr3.29","chr3",1,700000
"chr3.30","chr3",1,1000000
"chr3.31","chr3",0.198275862068966,500000
"chr3.32","chr3",1,600000
"chr3.33","chr3",1,700000
"chr3.34","chr3",1,2100000
"chr3.35","chr3",1,800000
"chr3.36","chr3",1,600000
"chr3.37","chr3",1,600000
"chr3.38","chr3",0.42962962962963,400000
"chr3.39","chr3",0.874074074074074,600000
"chr3.40","chr3",0.653333333333333,800000
"chr3.41","chr3",1,1600000
"chr3.42","chr3",1,700000
"chr3.43","chr3",1,800000
"chr3.44","chr3",0.923076923076923,700000
"chr3.45","chr3",0.466666666666667,700000
"chr3.46","chr3",0.526315789473684,300000
"chr3.47","chr3",0.977443609022556,600000
"chr3.48","chr3",1,1100000
"chr3.49","chr3",1,1100000
"chr3.50","chr3",1,800000
"chr3.51","chr3",1,600000
"chr3.52","chr3",1,400000
"chr3.53","chr3",1,2900000
"chr3.54","chr3",1,600000
"chr3.55","chr3",1,800000
"chr3.56","chr3",1,1300000
"chr3.57","chr3",1,1500000
"chr3.58","chr3",1,900000
"chr3.59","chr3",1,1000000
"chr3.60","chr3",1,600000
"chr3.61","chr3",1,600000
"chr3.62","chr3",1,1700000
"chr3.63","chr3",1,700000
"chr3.64","chr3",1,2000000
"chr3.65","chr3",0.261538461538462,1000000
"chr3.66","chr3",1,1800000
"chr3.67","chr3",1,600000
"chr3.68","chr3",1,2300000
"chr3.69","chr3",1,1300000
"chr3.70","chr3",0.975609756097561,1200000
"chr3.71","chr3",1,900000
"chr3.72","chr3",1,1900000
"chr3.73","chr3",1,2800000
"chr3.74","chr3",1,1100000
"chr3.75","chr3",0.870967741935484,1000000
"chr3.76","chr3",1,600000
"chr3.77","chr3",0.730769230769231,1000000
"chr3.78","chr3",1,1800000
"chr3.79","chr3",0.843373493975904,1000000
"chr3.80","chr3",0.612903225806452,900000
"chr3.81","chr3",0.230769230769231,1100000
"chr3.82","chr3",0.538461538461538,800000
"chr3.83","chr3",1,1200000
"chr3.84","chr3",0,900000
"chr3.85","chr3",0,600000
"chr3.86","chr3",0.204081632653061,400000
"chr3.87","chr3",0.652173913043478,900000
"chr3.88","chr3",1,2400000
"chr3.89","chr3",0,1500000
"chr3.90","chr3",0,1100000
"chr3.91","chr3",0,500000
"chr3.92","chr3",1,1400000
"chr3.93","chr3",0,600000
"chr3.94","chr3",1,2500000
"chr3.95","chr3",0.888888888888889,400000
"chr3.96","chr3",1,600000
"chr3.97","chr3",1,1000000
"chr3.98","chr3",1,1800000
"chr3.99","chr3",1,900000
"chr3.100","chr3",1,2100000
"chr3.101","chr3",1,400000
"chr3.102","chr3",1,1700000
"chr3.103","chr3",1,1000000
"chr3.104","chr3",1,700000
"chr3.105","chr3",0,1100000
"chr3.106","chr3",0.452380952380952,600000
"chr3.107","chr3",0.430769230769231,500000
"chr3.108","chr3",1,800000
"chr3.109","chr3",1,800000
"chr3.110","chr3",1,2100000
"chr3.111","chr3",0.935483870967742,400000
"chr3.112","chr3",1,900000
"chr3.113","chr3",1,900000
"chr3.114","chr3",1,1200000
"chr3.115","chr3",1,1100000
"chr3.116","chr3",1,1000000
"chr3.117","chr3",1,1300000
"chr3.118","chr3",1,1600000
"chr3.119","chr3",1,1200000
"chr3.120","chr3",1,500000
"chr3.121","chr3",1,800000
"chr3.122","chr3",1,2800000
"chr3.123","chr3",1,2200000
"chr3.124","chr3",1,1000000
"chr3.125","chr3",1,1300000
"chr3.126","chr3",1,800000
"chr3.127","chr3",0.909090909090909,600000
"chr3.128","chr3",0,400000
"chr3.129","chr3",1,1300000
"chr3.130","chr3",1,1700000
"chr3.131","chr3",1,500000
"chr3.132","chr3",1,800000
"chr3.133","chr3",1,1400000
"chr3.134","chr3",1,1200000
"chr3.135","chr3",1,600000
"chr3.136","chr3",1,900000
"chr3.137","chr3",1,1300000
"chr3.138","chr3",1,1500000
"chr3.139","chr3",1,2000000
"chr3.140","chr3",1,700000
"chr3.141","chr3",1,900000
"chr3.142","chr3",1,900000
"chr3.143","chr3",0.846153846153846,500000
"chr3.144","chr3",1,600000
"chr3.145","chr3",1,800000
"chr3.146","chr3",0.541666666666667,1000000
"chr3.147","chr3",1,2200000
"chr3.148","chr3",1,1900000
"chr3.149","chr3",0.829268292682927,900000
"chr3.150","chr3",1,600000
"chr3.151","chr3",1,600000
"chr3.152","chr3",1,700000
"chr3.153","chr3",1,1000000
"chr3.154","chr3",0.790322580645161,2000000
"chr3.155","chr3",0.910569105691057,800000
"chr3.156","chr3",0.991869918699187,300000
"chr3.157","chr3",1,900000
"chr3.158","chr3",0.841379310344828,1000000
"chr3.159","chr3",0.941176470588235,1100000
"chr3.160","chr3",1,500000
"chr3.161","chr3",1,1500000
"chr3.162","chr3",1,800000
"chr3.163","chr3",1,900000
"chr3.164","chr3",1,1600000
"chr3.165","chr3",1,1100000
"chr3.166","chr3",0,800000
"chr3.167","chr3",0.659574468085106,1400000
"chr3.168","chr3",1,600000
"chr3.169","chr3",0.985915492957746,400000
"chr3.170","chr3",1,500000
"chr3.171","chr3",NA,NA
"chr3.172","chr3",NA,NA
"chr3.173","chr3",NA,NA
"chr3.174","chr3",NA,NA
"chr3.175","chr3",NA,NA
"chr3.176","chr3",NA,NA
"chr3.177","chr3",NA,NA
"chr3.178","chr3",NA,NA
"chr3.179","chr3",NA,NA
"chr4.1","chr4",1,700000
"chr4.2","chr4",1,1000000
"chr4.3","chr4",1,400000
"chr4.4","chr4",1,800000
"chr4.5","chr4",1,900000
"chr4.6","chr4",1,500000
"chr4.7","chr4",0.149425287356322,400000
"chr4.8","chr4",0.494252873563218,300000
"chr4.9","chr4",1,1200000
"chr4.10","chr4",1,900000
"chr4.11","chr4",1,900000
"chr4.12","chr4",1,1600000
"chr4.13","chr4",1,700000
"chr4.14","chr4",0.48,300000
"chr4.15","chr4",1,1200000
"chr4.16","chr4",0.585714285714286,1000000
"chr4.17","chr4",1,1700000
"chr4.18","chr4",1,500000
"chr4.19","chr4",1,900000
"chr4.20","chr4",1,1200000
"chr4.21","chr4",1,1500000
"chr4.22","chr4",0.457943925233645,700000
"chr4.23","chr4",0.542056074766355,700000
"chr4.24","chr4",1,700000
"chr4.25","chr4",0.711538461538462,500000
"chr4.26","chr4",1,7200000
"chr4.27","chr4",0,1100000
"chr4.28","chr4",1,1200000
"chr4.29","chr4",0,600000
"chr4.30","chr4",0,700000
"chr4.31","chr4",0.216867469879518,1100000
"chr4.32","chr4",1,1700000
"chr4.33","chr4",1,2000000
"chr4.34","chr4",1,800000
"chr4.35","chr4",1,500000
"chr4.36","chr4",1,800000
"chr4.37","chr4",1,1100000
"chr4.38","chr4",1,1200000
"chr4.39","chr4",1,2500000
"chr4.40","chr4",1,2100000
"chr4.41","chr4",1,1100000
"chr4.42","chr4",1,2400000
"chr4.43","chr4",0,1900000
"chr4.44","chr4",1,2700000
"chr4.45","chr4",1,900000
"chr4.46","chr4",1,900000
"chr4.47","chr4",1,1100000
"chr4.48","chr4",1,600000
"chr4.49","chr4",0.145454545454545,600000
"chr4.50","chr4",0.363636363636364,600000
"chr4.51","chr4",0.618181818181818,700000
"chr4.52","chr4",0.381818181818182,1100000
"chr4.53","chr4",1,600000
"chr4.54","chr4",0.404761904761905,700000
"chr4.55","chr4",0.595238095238095,700000
"chr4.56","chr4",0,800000
"chr4.57","chr4",0,1300000
"chr4.58","chr4",0.342307692307692,1300000
"chr4.59","chr4",0.726923076923077,1000000
"chr4.60","chr4",0.730769230769231,1000000
"chr4.61","chr4",1,900000
"chr4.62","chr4",1,1200000
"chr4.63","chr4",0.714285714285714,400000
"chr4.64","chr4",1,1100000
"chr4.65","chr4",1,800000
"chr4.66","chr4",1,1800000
"chr4.67","chr4",1,1200000
"chr4.68","chr4",0.825396825396825,700000
"chr4.69","chr4",1,1300000
"chr4.70","chr4",1,1400000
"chr4.71","chr4",0.894736842105263,500000
"chr4.72","chr4",0.347368421052632,400000
"chr4.73","chr4",0.768421052631579,400000
"chr4.74","chr4",1,3000000
"chr4.75","chr4",1,1800000
"chr4.76","chr4",1,2300000
"chr4.77","chr4",1,700000
"chr4.78","chr4",1,800000
"chr4.79","chr4",1,900000
"chr4.80","chr4",1,800000
"chr4.81","chr4",0.345679012345679,600000
"chr4.82","chr4",0.654320987654321,700000
"chr4.83","chr4",0.714285714285714,1000000
"chr4.84","chr4",0.285714285714286,600000
"chr4.85","chr4",0.678571428571429,700000
"chr4.86","chr4",0.951219512195122,600000
"chr4.87","chr4",1,500000
"chr4.88","chr4",1,1500000
"chr4.89","chr4",0,1100000
"chr4.90","chr4",0,800000
"chr4.91","chr4",1,800000
"chr4.92","chr4",1,1200000
"chr4.93","chr4",1,2200000
"chr4.94","chr4",1,700000
"chr4.95","chr4",0,600000
"chr4.96","chr4",0,1200000
"chr4.97","chr4",0.46551724137931,400000
"chr4.98","chr4",1,1200000
"chr4.99","chr4",0.963636363636364,700000
"chr4.100","chr4",1,700000
"chr4.101","chr4",1,900000
"chr4.102","chr4",1,1200000
"chr4.103","chr4",1,1100000
"chr4.104","chr4",0.882352941176471,600000
"chr4.105","chr4",1,1000000
"chr4.106","chr4",1,1700000
"chr4.107","chr4",1,700000
"chr4.108","chr4",0,1000000
"chr4.109","chr4",1,2100000
"chr4.110","chr4",1,1900000
"chr4.111","chr4",0.747663551401869,900000
"chr4.112","chr4",1,1100000
"chr4.113","chr4",1,600000
"chr4.114","chr4",1,700000
"chr4.115","chr4",1,900000
"chr4.116","chr4",1,900000
"chr4.117","chr4",1,900000
"chr4.118","chr4",0.310344827586207,800000
"chr4.119","chr4",1,1000000
"chr4.120","chr4",1,700000
"chr4.121","chr4",1,1600000
"chr4.122","chr4",1,1200000
"chr4.123","chr4",0.0769230769230769,700000
"chr4.124","chr4",0.153846153846154,800000
"chr4.125","chr4",0.446601941747573,600000
"chr4.126","chr4",0.553398058252427,600000
"chr4.127","chr4",0,1100000
"chr4.128","chr4",0,700000
"chr4.129","chr4",0,600000
"chr4.130","chr4",1,1200000
"chr4.131","chr4",1,800000
"chr4.132","chr4",1,600000
"chr4.133","chr4",1,800000
"chr4.134","chr4",1,1700000
"chr4.135","chr4",1,1200000
"chr4.136","chr4",1,1100000
"chr4.137","chr4",1,1300000
"chr4.138","chr4",1,700000
"chr4.139","chr4",1,700000
"chr4.140","chr4",1,900000
"chr4.141","chr4",1,800000
"chr4.142","chr4",1,900000
"chr4.143","chr4",0.8,600000
"chr4.144","chr4",0.666666666666667,300000
"chr4.145","chr4",1,900000
"chr4.146","chr4",1,1900000
"chr4.147","chr4",1,600000
"chr4.148","chr4",1,700000
"chr4.149","chr4",1,600000
"chr4.150","chr4",1,800000
"chr4.151","chr4",1,800000
"chr4.152","chr4",1,800000
"chr4.153","chr4",1,1300000
"chr4.154","chr4",1,1400000
"chr4.155","chr4",0.513698630136986,800000
"chr4.156","chr4",1,1700000
"chr4.157","chr4",1,1000000
"chr4.158","chr4",0.608695652173913,700000
"chr4.159","chr4",1,1100000
"chr4.160","chr4",1,3700000
"chr4.161","chr4",NA,NA
"chr4.162","chr4",NA,NA
"chr4.163","chr4",NA,NA
"chr4.164","chr4",NA,NA
"chr4.165","chr4",NA,NA
"chr4.166","chr4",NA,NA
"chr5.1","chr5",0,200000
"chr5.2","chr5",1,500000
"chr5.3","chr5",1,1100000
"chr5.4","chr5",0.909090909090909,2800000
"chr5.5","chr5",0.266666666666667,600000
"chr5.6","chr5",1,1300000
"chr5.7","chr5",1,1100000
"chr5.8","chr5",1,2300000
"chr5.9","chr5",1,3200000
"chr5.10","chr5",1,1000000
"chr5.11","chr5",1,1500000
"chr5.12","chr5",1,1700000
"chr5.13","chr5",1,2300000
"chr5.14","chr5",0.956521739130435,200000
"chr5.15","chr5",1,2900000
"chr5.16","chr5",1,6700000
"chr5.17","chr5",0,800000
"chr5.18","chr5",0.465116279069767,600000
"chr5.19","chr5",1,700000
"chr5.20","chr5",1,700000
"chr5.21","chr5",1,600000
"chr5.22","chr5",1,1000000
"chr5.23","chr5",1,700000
"chr5.24","chr5",1,700000
"chr5.25","chr5",1,700000
"chr5.26","chr5",1,1100000
"chr5.27","chr5",1,1500000
"chr5.28","chr5",1,700000
"chr5.29","chr5",1,1300000
"chr5.30","chr5",1,800000
"chr5.31","chr5",0.941176470588235,800000
"chr5.32","chr5",1,1300000
"chr5.33","chr5",0.785714285714286,600000
"chr5.34","chr5",0.8,1700000
"chr5.35","chr5",0.2,500000
"chr5.36","chr5",0,1200000
"chr5.37","chr5",0,900000
"chr5.38","chr5",0,700000
"chr5.39","chr5",1,700000
"chr5.40","chr5",0,400000
"chr5.41","chr5",0,1200000
"chr5.42","chr5",1,1300000
"chr5.43","chr5",1,1100000
"chr5.44","chr5",1,1200000
"chr5.45","chr5",1,700000
"chr5.46","chr5",1,1200000
"chr5.47","chr5",1,800000
"chr5.48","chr5",1,800000
"chr5.49","chr5",0.574712643678161,600000
"chr5.50","chr5",1,900000
"chr5.51","chr5",1,1200000
"chr5.52","chr5",1,600000
"chr5.53","chr5",0.53125,500000
"chr5.54","chr5",0.5,900000
"chr5.55","chr5",1,600000
"chr5.56","chr5",0,600000
"chr5.57","chr5",0.518518518518518,300000
"chr5.58","chr5",1,900000
"chr5.59","chr5",1,1000000
"chr5.60","chr5",1,600000
"chr5.61","chr5",0.863013698630137,500000
"chr5.62","chr5",1,700000
"chr5.63","chr5",0,800000
"chr5.64","chr5",0,700000
"chr5.65","chr5",0,500000
"chr5.66","chr5",1,900000
"chr5.67","chr5",1,900000
"chr5.68","chr5",1,1000000
"chr5.69","chr5",1,1300000
"chr5.70","chr5",1,1500000
"chr5.71","chr5",1,1700000
"chr5.72","chr5",1,600000
"chr5.73","chr5",1,1200000
"chr5.74","chr5",1,2000000
"chr5.75","chr5",0.840909090909091,700000
"chr5.76","chr5",1,3300000
"chr5.77","chr5",1,700000
"chr5.78","chr5",1,1000000
"chr5.79","chr5",0,300000
"chr5.80","chr5",1,1700000
"chr5.81","chr5",0.941176470588235,300000
"chr5.82","chr5",1,800000
"chr5.83","chr5",1,1400000
"chr5.84","chr5",0.981651376146789,700000
"chr5.85","chr5",1,1100000
"chr5.86","chr5",1,3300000
"chr5.87","chr5",0.891566265060241,700000
"chr5.88","chr5",1,700000
"chr5.89","chr5",0.97,1200000
"chr5.90","chr5",1,1100000
"chr5.91","chr5",0.422535211267606,400000
"chr5.92","chr5",0.985915492957746,400000
"chr5.93","chr5",1,700000
"chr5.94","chr5",1,800000
"chr5.95","chr5",0.384615384615385,700000
"chr5.96","chr5",1,1500000
"chr5.97","chr5",1,900000
"chr5.98","chr5",1,1300000
"chr5.99","chr5",1,1500000
"chr5.100","chr5",1,1600000
"chr5.101","chr5",1,1500000
"chr5.102","chr5",1,1500000
"chr5.103","chr5",1,2600000
"chr5.104","chr5",0,300000
"chr5.105","chr5",1,900000
"chr5.106","chr5",0.173913043478261,800000
"chr5.107","chr5",1,600000
"chr5.108","chr5",1,1000000
"chr5.109","chr5",1,1300000
"chr5.110","chr5",1,800000
"chr5.111","chr5",0.779220779220779,500000
"chr5.112","chr5",1,500000
"chr5.113","chr5",0.237037037037037,500000
"chr5.114","chr5",0.348148148148148,300000
"chr5.115","chr5",1,2200000
"chr5.116","chr5",1,900000
"chr5.117","chr5",1,900000
"chr5.118","chr5",1,700000
"chr5.119","chr5",0.179775280898876,900000
"chr5.120","chr5",0.966292134831461,700000
"chr5.121","chr5",1,2300000
"chr5.122","chr5",0.967741935483871,700000
"chr5.123","chr5",1,700000
"chr5.124","chr5",1,1300000
"chr5.125","chr5",0.454545454545455,400000
"chr5.126","chr5",0.590909090909091,700000
"chr5.127","chr5",1,1500000
"chr5.128","chr5",1,2400000
"chr5.129","chr5",1,1100000
"chr5.130","chr5",1,900000
"chr5.131","chr5",1,1300000
"chr5.132","chr5",1,1700000
"chr5.133","chr5",1,1100000
"chr5.134","chr5",1,1000000
"chr5.135","chr5",1,2600000
"chr5.136","chr5",0.88,500000
"chr5.137","chr5",1,1200000
"chr5.138","chr5",1,900000
"chr5.139","chr5",1,600000
"chr5.140","chr5",1,700000
"chr5.141","chr5",1,2100000
"chr5.142","chr5",1,900000
"chr5.143","chr5",1,1500000
"chr5.144","chr5",1,500000
"chr5.145","chr5",1,700000
"chr5.146","chr5",0.578947368421053,600000
"chr5.147","chr5",NA,NA
"chr5.148","chr5",NA,NA
"chr5.149","chr5",NA,NA
"chr5.150","chr5",NA,NA
"chr5.151","chr5",NA,NA
"chr6.1","chr6",0,400000
"chr6.2","chr6",1,700000
"chr6.3","chr6",1,1300000
"chr6.4","chr6",1,400000
"chr6.5","chr6",1,900000
"chr6.6","chr6",1,900000
"chr6.7","chr6",1,300000
"chr6.8","chr6",1,1100000
"chr6.9","chr6",1,600000
"chr6.10","chr6",1,700000
"chr6.11","chr6",1,2100000
"chr6.12","chr6",0.761904761904762,700000
"chr6.13","chr6",1,900000
"chr6.14","chr6",1,600000
"chr6.15","chr6",0.873239436619718,600000
"chr6.16","chr6",1,800000
"chr6.17","chr6",1,700000
"chr6.18","chr6",1,500000
"chr6.19","chr6",1,1600000
"chr6.20","chr6",1,1500000
"chr6.21","chr6",1,1500000
"chr6.22","chr6",1,2800000
"chr6.23","chr6",0.732142857142857,400000
"chr6.24","chr6",0,900000
"chr6.25","chr6",1,1200000
"chr6.26","chr6",1,800000
"chr6.27","chr6",0.710526315789474,400000
"chr6.28","chr6",1,600000
"chr6.29","chr6",1,900000
"chr6.30","chr6",1,600000
"chr6.31","chr6",1,1100000
"chr6.32","chr6",1,1400000
"chr6.33","chr6",1,1000000
"chr6.34","chr6",1,1100000
"chr6.35","chr6",1,500000
"chr6.36","chr6",1,600000
"chr6.37","chr6",1,1400000
"chr6.38","chr6",1,1000000
"chr6.39","chr6",1,1700000
"chr6.40","chr6",1,1100000
"chr6.41","chr6",1,700000
"chr6.42","chr6",1,1600000
"chr6.43","chr6",1,600000
"chr6.44","chr6",1,700000
"chr6.45","chr6",1,1300000
"chr6.46","chr6",0.933333333333333,700000
"chr6.47","chr6",1,700000
"chr6.48","chr6",1,1500000
"chr6.49","chr6",1,1100000
"chr6.50","chr6",1,1400000
"chr6.51","chr6",1,1200000
"chr6.52","chr6",0.981818181818182,400000
"chr6.53","chr6",1,600000
"chr6.54","chr6",1,4400000
"chr6.55","chr6",1,1100000
"chr6.56","chr6",1,600000
"chr6.57","chr6",0.5,900000
"chr6.58","chr6",0.90625,1200000
"chr6.59","chr6",0,1100000
"chr6.60","chr6",0,300000
"chr6.61","chr6",0.203883495145631,1500000
"chr6.62","chr6",0.543689320388349,700000
"chr6.63","chr6",1,2900000
"chr6.64","chr6",0,1100000
"chr6.65","chr6",0,2300000
"chr6.66","chr6",0,800000
"chr6.67","chr6",0.619047619047619,600000
"chr6.68","chr6",1,700000
"chr6.69","chr6",1,1000000
"chr6.70","chr6",0.740740740740741,500000
"chr6.71","chr6",1,1200000
"chr6.72","chr6",1,2000000
"chr6.73","chr6",0.571428571428571,700000
"chr6.74","chr6",0.780821917808219,800000
"chr6.75","chr6",1,2200000
"chr6.76","chr6",1,2100000
"chr6.77","chr6",1,1000000
"chr6.78","chr6",0.792682926829268,700000
"chr6.79","chr6",0.8125,300000
"chr6.80","chr6",1,1800000
"chr6.81","chr6",0.735294117647059,600000
"chr6.82","chr6",0.8,1100000
"chr6.83","chr6",1,2500000
"chr6.84","chr6",1,1000000
"chr6.85","chr6",1,800000
"chr6.86","chr6",0.909090909090909,700000
"chr6.87","chr6",0.0909090909090909,600000
"chr6.88","chr6",0,800000
"chr6.89","chr6",0,1200000
"chr6.90","chr6",0.513513513513513,1400000
"chr6.91","chr6",0.486486486486487,600000
"chr6.92","chr6",1,800000
"chr6.93","chr6",1,1900000
"chr6.94","chr6",1,2000000
"chr6.95","chr6",1,800000
"chr6.96","chr6",0,500000
"chr6.97","chr6",0,600000
"chr6.98","chr6",0,1200000
"chr6.99","chr6",1,3200000
"chr6.100","chr6",1,1100000
"chr6.101","chr6",1,1700000
"chr6.102","chr6",1,900000
"chr6.103","chr6",1,1200000
"chr6.104","chr6",0.5,500000
"chr6.105","chr6",1,1700000
"chr6.106","chr6",0,700000
"chr6.107","chr6",0.09375,800000
"chr6.108","chr6",0.90625,800000
"chr6.109","chr6",1,600000
"chr6.110","chr6",1,600000
"chr6.111","chr6",1,1000000
"chr6.112","chr6",1,1100000
"chr6.113","chr6",0,500000
"chr6.114","chr6",1,1000000
"chr6.115","chr6",1,1000000
"chr6.116","chr6",1,800000
"chr6.117","chr6",1,600000
"chr6.118","chr6",1,2300000
"chr6.119","chr6",1,700000
"chr6.120","chr6",0.964285714285714,1000000
"chr6.121","chr6",1,600000
"chr6.122","chr6",1,1700000
"chr6.123","chr6",1,800000
"chr6.124","chr6",1,1700000
"chr6.125","chr6",1,500000
"chr6.126","chr6",0.928571428571429,300000
"chr6.127","chr6",1,1100000
"chr6.128","chr6",0.634146341463415,600000
"chr6.129","chr6",1,1000000
"chr6.130","chr6",1,1500000
"chr6.131","chr6",1,600000
"chr6.132","chr6",1,600000
"chr6.133","chr6",0.784313725490196,1200000
"chr6.134","chr6",0.984126984126984,900000
"chr6.135","chr6",1,600000
"chr6.136","chr6",1,800000
"chr6.137","chr6",1,600000
"chr6.138","chr6",1,900000
"chr6.139","chr6",1,800000
"chr6.140","chr6",1,2600000
"chr6.141","chr6",1,2000000
"chr6.142","chr6",1,1200000
"chr6.143","chr6",0.823529411764706,700000
"chr6.144","chr6",1,2400000
"chr6.145","chr6",NA,NA
"chr6.146","chr6",NA,NA
"chr6.147","chr6",NA,NA
"chr6.148","chr6",NA,NA
"chr7.1","chr7",0.977777777777778,600000
"chr7.2","chr7",1,300000
"chr7.3","chr7",0.493827160493827,500000
"chr7.4","chr7",1,1600000
"chr7.5","chr7",0.566666666666667,800000
"chr7.6","chr7",1,600000
"chr7.7","chr7",0.575,300000
"chr7.8","chr7",1,600000
"chr7.9","chr7",1,700000
"chr7.10","chr7",1,3000000
"chr7.11","chr7",0,1100000
"chr7.12","chr7",1,800000
"chr7.13","chr7",1,1400000
"chr7.14","chr7",1,1400000
"chr7.15","chr7",1,800000
"chr7.16","chr7",1,800000
"chr7.17","chr7",1,2000000
"chr7.18","chr7",1,1000000
"chr7.19","chr7",1,1400000
"chr7.20","chr7",0.368421052631579,500000
"chr7.21","chr7",1,600000
"chr7.22","chr7",0.586206896551724,600000
"chr7.23","chr7",1,900000
"chr7.24","chr7",1,400000
"chr7.25","chr7",1,700000
"chr7.26","chr7",0.947368421052632,600000
"chr7.27","chr7",1,600000
"chr7.28","chr7",1,900000
"chr7.29","chr7",1,600000
"chr7.30","chr7",1,1000000
"chr7.31","chr7",1,700000
"chr7.32","chr7",1,1600000
"chr7.33","chr7",1,600000
"chr7.34","chr7",1,900000
"chr7.35","chr7",1,1000000
"chr7.36","chr7",1,1200000
"chr7.37","chr7",1,1400000
"chr7.38","chr7",0.844444444444444,500000
"chr7.39","chr7",1,900000
"chr7.40","chr7",1,600000
"chr7.41","chr7",1,1800000
"chr7.42","chr7",1,900000
"chr7.43","chr7",1,800000
"chr7.44","chr7",0.694267515923567,400000
"chr7.45","chr7",0.681818181818182,600000
"chr7.46","chr7",1,1400000
"chr7.47","chr7",1,800000
"chr7.48","chr7",1,1700000
"chr7.49","chr7",1,1400000
"chr7.50","chr7",1,3200000
"chr7.51","chr7",1,800000
"chr7.52","chr7",1,800000
"chr7.53","chr7",0.280575539568345,600000
"chr7.54","chr7",0.892086330935252,1700000
"chr7.55","chr7",1,800000
"chr7.56","chr7",1,700000
"chr7.57","chr7",1,3300000
"chr7.58","chr7",0,2000000
"chr7.59","chr7",0,600000
"chr7.60","chr7",0,800000
"chr7.61","chr7",0,1000000
"chr7.62","chr7",0.0540540540540541,900000
"chr7.63","chr7",1,1200000
"chr7.64","chr7",0.784313725490196,700000
"chr7.65","chr7",1,700000
"chr7.66","chr7",0.922727272727273,800000
"chr7.67","chr7",0.559090909090909,600000
"chr7.68","chr7",0.422018348623853,700000
"chr7.69","chr7",0.532110091743119,600000
"chr7.70","chr7",0.8125,600000
"chr7.71","chr7",1,1000000
"chr7.72","chr7",0.990825688073395,900000
"chr7.73","chr7",1,700000
"chr7.74","chr7",1,300000
"chr7.75","chr7",1,400000
"chr7.76","chr7",1,1000000
"chr7.77","chr7",1,1800000
"chr7.78","chr7",1,1000000
"chr7.79","chr7",1,800000
"chr7.80","chr7",0.9609375,600000
"chr7.81","chr7",1,800000
"chr7.82","chr7",1,1200000
"chr7.83","chr7",1,1400000
"chr7.84","chr7",1,1200000
"chr7.85","chr7",1,800000
"chr7.86","chr7",1,800000
"chr7.87","chr7",0.891566265060241,400000
"chr7.88","chr7",0.505494505494505,600000
"chr7.89","chr7",1,800000
"chr7.90","chr7",0.863013698630137,700000
"chr7.91","chr7",0.182352941176471,600000
"chr7.92","chr7",0.817647058823529,1400000
"chr7.93","chr7",1,700000
"chr7.94","chr7",1,700000
"chr7.95","chr7",0.648148148148148,400000
"chr7.96","chr7",1,800000
"chr7.97","chr7",1,700000
"chr7.98","chr7",1,3100000
"chr7.99","chr7",0,700000
"chr7.100","chr7",1,1300000
"chr7.101","chr7",1,2300000
"chr7.102","chr7",1,800000
"chr7.103","chr7",1,300000
"chr7.104","chr7",0.795454545454545,300000
"chr7.105","chr7",1,800000
"chr7.106","chr7",1,1000000
"chr7.107","chr7",1,1500000
"chr7.108","chr7",1,1100000
"chr7.109","chr7",1,1400000
"chr7.110","chr7",1,500000
"chr7.111","chr7",0.882352941176471,1000000
"chr7.112","chr7",0.427272727272727,800000
"chr7.113","chr7",1,1100000
"chr7.114","chr7",0.444444444444444,500000
"chr7.115","chr7",1,1000000
"chr7.116","chr7",1,1000000
"chr7.117","chr7",0.955882352941177,700000
"chr7.118","chr7",0.459183673469388,500000
"chr7.119","chr7",1,1100000
"chr7.120","chr7",1,1800000
"chr7.121","chr7",0.0740740740740741,600000
"chr7.122","chr7",0,400000
"chr7.123","chr7",1,1800000
"chr7.124","chr7",1,1400000
"chr7.125","chr7",0.42,400000
"chr7.126","chr7",0.902439024390244,300000
"chr7.127","chr7",1,1400000
"chr7.128","chr7",0.13302752293578,600000
"chr7.129","chr7",0.224770642201835,200000
"chr7.130","chr7",0.637614678899083,900000
"chr7.131","chr7",0.775229357798165,300000
"chr7.132","chr7",0.592592592592593,700000
"chr7.133","chr7",1,3100000
"chr7.134","chr7",1,1000000
"chr7.135","chr7",0.894736842105263,500000
"chr7.136","chr7",1,700000
"chr7.137","chr7",0.963636363636364,700000
"chr7.138","chr7",1,800000
"chr7.139","chr7",1,1700000
"chr7.140","chr7",1,1000000
"chr7.141","chr7",1,1100000
"chr7.142","chr7",1,500000
"chr7.143","chr7",1,1100000
"chr7.144","chr7",1,800000
"chr7.145","chr7",NA,NA
"chr7.146","chr7",NA,NA
"chr7.147","chr7",NA,NA
"chr7.148","chr7",NA,NA
"chr7.149","chr7",NA,NA
"chr7.150","chr7",NA,NA
"chr7.151","chr7",NA,NA
"chr8.1","chr8",1,1900000
"chr8.2","chr8",1,4000000
"chr8.3","chr8",1,800000
"chr8.4","chr8",1,600000
"chr8.5","chr8",0.1625,900000
"chr8.6","chr8",1,600000
"chr8.7","chr8",1,300000
"chr8.8","chr8",1,800000
"chr8.9","chr8",1,1100000
"chr8.10","chr8",1,3000000
"chr8.11","chr8",0.488888888888889,500000
"chr8.12","chr8",0.764705882352941,700000
"chr8.13","chr8",1,900000
"chr8.14","chr8",1,1400000
"chr8.15","chr8",1,1700000
"chr8.16","chr8",1,1100000
"chr8.17","chr8",0,600000
"chr8.18","chr8",1,1100000
"chr8.19","chr8",1,400000
"chr8.20","chr8",1,700000
"chr8.21","chr8",1,1300000
"chr8.22","chr8",1,600000
"chr8.23","chr8",0.745454545454545,600000
"chr8.24","chr8",1,1300000
"chr8.25","chr8",1,1100000
"chr8.26","chr8",1,3100000
"chr8.27","chr8",0.772727272727273,900000
"chr8.28","chr8",1,700000
"chr8.29","chr8",1,1300000
"chr8.30","chr8",0.608552631578947,1200000
"chr8.31","chr8",0.391447368421053,1500000
"chr8.32","chr8",1,700000
"chr8.33","chr8",1,1000000
"chr8.34","chr8",1,800000
"chr8.35","chr8",1,3200000
"chr8.36","chr8",1,500000
"chr8.37","chr8",0,1000000
"chr8.38","chr8",0,600000
"chr8.39","chr8",0,2100000
"chr8.40","chr8",0.885964912280702,1100000
"chr8.41","chr8",1,1300000
"chr8.42","chr8",1,1700000
"chr8.43","chr8",0.84,600000
"chr8.44","chr8",0,500000
"chr8.45","chr8",1,1500000
"chr8.46","chr8",1,1200000
"chr8.47","chr8",1,1200000
"chr8.48","chr8",1,1900000
"chr8.49","chr8",1,800000
"chr8.50","chr8",1,1100000
"chr8.51","chr8",1,1100000
"chr8.52","chr8",1,1100000
"chr8.53","chr8",1,500000
"chr8.54","chr8",1,1000000
"chr8.55","chr8",0.0833333333333333,1000000
"chr8.56","chr8",0.916666666666667,1000000
"chr8.57","chr8",1,1000000
"chr8.58","chr8",1,1200000
"chr8.59","chr8",1,900000
"chr8.60","chr8",1,1200000
"chr8.61","chr8",1,2100000
"chr8.62","chr8",1,2900000
"chr8.63","chr8",1,700000
"chr8.64","chr8",1,1100000
"chr8.65","chr8",1,1600000
"chr8.66","chr8",1,1300000
"chr8.67","chr8",1,1700000
"chr8.68","chr8",1,2200000
"chr8.69","chr8",0.692883895131086,1400000
"chr8.70","chr8",0.425,1000000
"chr8.71","chr8",1,1200000
"chr8.72","chr8",1,600000
"chr8.73","chr8",1,2000000
"chr8.74","chr8",0,300000
"chr8.75","chr8",1,900000
"chr8.76","chr8",1,800000
"chr8.77","chr8",1,1100000
"chr8.78","chr8",1,1000000
"chr8.79","chr8",1,1100000
"chr8.80","chr8",1,900000
"chr8.81","chr8",1,1000000
"chr8.82","chr8",1,600000
"chr8.83","chr8",1,300000
"chr8.84","chr8",1,1100000
"chr8.85","chr8",1,1100000
"chr8.86","chr8",1,800000
"chr8.87","chr8",1,700000
"chr8.88","chr8",1,1200000
"chr8.89","chr8",1,1100000
"chr8.90","chr8",1,800000
"chr8.91","chr8",0.824561403508772,700000
"chr8.92","chr8",1,1400000
"chr8.93","chr8",1,800000
"chr8.94","chr8",0.612903225806452,300000
"chr8.95","chr8",1,1200000
"chr8.96","chr8",1,1700000
"chr8.97","chr8",0.368421052631579,900000
"chr8.98","chr8",0,700000
"chr8.99","chr8",0,600000
"chr8.100","chr8",0.188405797101449,1100000
"chr8.101","chr8",0.811594202898551,600000
"chr8.102","chr8",0,1600000
"chr8.103","chr8",1,900000
"chr8.104","chr8",1,1300000
"chr8.105","chr8",1,600000
"chr8.106","chr8",1,600000
"chr8.107","chr8",1,800000
"chr8.108","chr8",0.736842105263158,200000
"chr8.109","chr8",0.888888888888889,600000
"chr8.110","chr8",1,1300000
"chr8.111","chr8",1,1900000
"chr8.112","chr8",1,1700000
"chr8.113","chr8",1,700000
"chr8.114","chr8",1,1300000
"chr8.115","chr8",0.966666666666667,700000
"chr8.116","chr8",1,600000
"chr8.117","chr8",0.867469879518072,500000
"chr8.118","chr8",0.26530612244898,600000
"chr8.119","chr8",NA,NA
"chr8.120","chr8",NA,NA
"chr8.121","chr8",NA,NA
"chr9.1","chr9",0.636363636363636,500000
"chr9.2","chr9",1,600000
"chr9.3","chr9",1,1100000
"chr9.4","chr9",1,700000
"chr9.5","chr9",1,1400000
"chr9.6","chr9",1,1400000
"chr9.7","chr9",1,1100000
"chr9.8","chr9",1,700000
"chr9.9","chr9",1,2400000
"chr9.10","chr9",1,2200000
"chr9.11","chr9",1,700000
"chr9.12","chr9",0.862745098039216,1200000
"chr9.13","chr9",1,700000
"chr9.14","chr9",1,700000
"chr9.15","chr9",1,1100000
"chr9.16","chr9",1,600000
"chr9.17","chr9",1,800000
"chr9.18","chr9",1,700000
"chr9.19","chr9",1,500000
"chr9.20","chr9",1,1700000
"chr9.21","chr9",1,600000
"chr9.22","chr9",1,700000
"chr9.23","chr9",1,4100000
"chr9.24","chr9",1,5200000
"chr9.25","chr9",0.969151670951157,500000
"chr9.26","chr9",1,900000
"chr9.27","chr9",1,1100000
"chr9.28","chr9",1,900000
"chr9.29","chr9",1,900000
"chr9.30","chr9",1,300000
"chr9.31","chr9",1,1600000
"chr9.32","chr9",1,1200000
"chr9.33","chr9",0,2100000
"chr9.34","chr9",0,1400000
"chr9.35","chr9",0,1300000
"chr9.36","chr9",0,700000
"chr9.37","chr9",0,700000
"chr9.38","chr9",0,500000
"chr9.39","chr9",0,1700000
"chr9.40","chr9",0,200000
"chr9.41","chr9",0,1600000
"chr9.42","chr9",0,600000
"chr9.43","chr9",0,1800000
"chr9.44","chr9",0,1300000
"chr9.45","chr9",0,1700000
"chr9.46","chr9",0,2900000
"chr9.47","chr9",0,300000
"chr9.48","chr9",0,300000
"chr9.49","chr9",0,500000
"chr9.50","chr9",0,1400000
"chr9.51","chr9",0,600000
"chr9.52","chr9",0,1400000
"chr9.53","chr9",0,1400000
"chr9.54","chr9",0,700000
"chr9.55","chr9",0,700000
"chr9.56","chr9",0,1200000
"chr9.57","chr9",0,700000
"chr9.58","chr9",0,1600000
"chr9.59","chr9",0,700000
"chr9.60","chr9",0,1100000
"chr9.61","chr9",1,1100000
"chr9.62","chr9",1,400000
"chr9.63","chr9",1,700000
"chr9.64","chr9",1,1200000
"chr9.65","chr9",1,1100000
"chr9.66","chr9",1,3100000
"chr9.67","chr9",1,1100000
"chr9.68","chr9",1,1600000
"chr9.69","chr9",1,1300000
"chr9.70","chr9",0,600000
"chr9.71","chr9",0.72972972972973,900000
"chr9.72","chr9",1,800000
"chr9.73","chr9",1,1700000
"chr9.74","chr9",1,700000
"chr9.75","chr9",0,900000
"chr9.76","chr9",1,1200000
"chr9.77","chr9",1,800000
"chr9.78","chr9",1,1900000
"chr9.79","chr9",0.75,1100000
"chr9.80","chr9",0.666666666666667,700000
"chr9.81","chr9",1,600000
"chr9.82","chr9",1,800000
"chr9.83","chr9",1,500000
"chr9.84","chr9",1,500000
"chr9.85","chr9",1,900000
"chr9.86","chr9",0.574468085106383,600000
"chr9.87","chr9",1,1100000
"chr9.88","chr9",1,800000
"chr9.89","chr9",0.696428571428571,400000
"chr9.90","chr9",1,700000
"chr9.91","chr9",1,700000
"chr9.92","chr9",0.375,300000
"chr9.93","chr9",1,600000
"chr9.94","chr9",1,700000
"chr9.95","chr9",1,1000000
"chr9.96","chr9",1,1600000
"chr9.97","chr9",0.580128205128205,600000
"chr9.98","chr9",0.708333333333333,400000
"chr9.99","chr9",0.96474358974359,800000
"chr9.100","chr9",1,800000
"chr9.101","chr9",NA,NA
"chr9.102","chr9",NA,NA
"chr9.103","chr9",NA,NA
"chr9.104","chr9",NA,NA
"chr9.105","chr9",NA,NA
"chrX.1","chrX",0,900000
"chrX.2","chrX",1,1500000
"chrX.3","chrX",1,1000000
"chrX.4","chrX",0,2000000
"chrX.5","chrX",0,1100000
"chrX.6","chrX",0.714285714285714,800000
"chrX.7","chrX",0.285714285714286,800000
"chrX.8","chrX",0.821917808219178,1000000
"chrX.9","chrX",1,1000000
"chrX.10","chrX",1,700000
"chrX.11","chrX",1,800000
"chrX.12","chrX",1,1500000
"chrX.13","chrX",1,1400000
"chrX.14","chrX",1,700000
"chrX.15","chrX",1,600000
"chrX.16","chrX",1,800000
"chrX.17","chrX",0.905660377358491,600000
"chrX.18","chrX",1,1300000
"chrX.19","chrX",1,1900000
"chrX.20","chrX",0.607594936708861,500000
"chrX.21","chrX",1,1000000
"chrX.22","chrX",0.757575757575758,1300000
"chrX.23","chrX",1,800000
"chrX.24","chrX",1,1800000
"chrX.25","chrX",0.858638743455497,800000
"chrX.26","chrX",0.141361256544503,900000
"chrX.27","chrX",0,800000
"chrX.28","chrX",0.211267605633803,600000
"chrX.29","chrX",0.9,1100000
"chrX.30","chrX",1,1100000
"chrX.31","chrX",0.659340659340659,1500000
"chrX.32","chrX",0.744186046511628,1000000
"chrX.33","chrX",1,1400000
"chrX.34","chrX",0,600000
"chrX.35","chrX",0,700000
"chrX.36","chrX",1,2000000
"chrX.37","chrX",1,1500000
"chrX.38","chrX",1,1400000
"chrX.39","chrX",0,1000000
"chrX.40","chrX",0,1100000
"chrX.41","chrX",0.333333333333333,800000
"chrX.42","chrX",1,1300000
"chrX.43","chrX",1,2700000
"chrX.44","chrX",0.894736842105263,500000
"chrX.45","chrX",1,1500000
"chrX.46","chrX",1,2500000
"chrX.47","chrX",1,1200000
"chrX.48","chrX",0.733333333333333,1400000
"chrX.49","chrX",0.0552147239263804,1000000
"chrX.50","chrX",0.484662576687117,700000
"chrX.51","chrX",0.515337423312883,900000
"chrX.52","chrX",0,800000
"chrX.53","chrX",0,600000
"chrX.54","chrX",0,1500000
"chrX.55","chrX",0,1800000
"chrX.56","chrX",0,1200000
"chrX.57","chrX",1,700000
"chrX.58","chrX",1,1300000
"chrX.59","chrX",0.612903225806452,1200000
"chrX.60","chrX",1,800000
"chrX.61","chrX",1,2500000
"chrX.62","chrX",1,1000000
"chrX.63","chrX",0.45679012345679,700000
"chrX.64","chrX",1,1700000
"chrX.65","chrX",0.613445378151261,1800000
"chrX.66","chrX",0.442307692307692,1000000
"chrX.67","chrX",1,2600000
"chrX.68","chrX",1,1400000
"chrX.69","chrX",1,2800000
"chrX.70","chrX",0.74468085106383,800000
"chrX.71","chrX",1,900000
"chrX.72","chrX",0,500000
"chrX.73","chrX",0,1100000
"chrX.74","chrX",0,900000
"chrX.75","chrX",0,1300000
"chrX.76","chrX",0,400000
"chrX.77","chrX",0,1100000
"chrX.78","chrX",0,400000
"chrX.79","chrX",0,900000
"chrX.80","chrX",0,700000
"chrX.81","chrX",0,400000
"chrX.82","chrX",0,500000
"chrX.83","chrX",0.27027027027027,1300000
"chrX.84","chrX",0.946808510638298,1200000
"chrX.85","chrX",0.0531914893617021,1000000
"chrX.86","chrX",0,600000
"chrX.87","chrX",1,2400000
"chrX.88","chrX",0.739130434782609,1200000
"chrX.89","chrX",1,700000
"chrX.90","chrX",1,800000
"chrX.91","chrX",0,1300000
"chrX.92","chrX",0.837837837837838,800000
"chrX.93","chrX",0.162162162162162,400000
"chrX.94","chrX",1,5400000
"chrX.95","chrX",0.112359550561798,900000
"chrX.96","chrX",0,800000
"chrX.97","chrX",0.454545454545455,800000
"chrX.98","chrX",1,1100000
"chrX.99","chrX",0,600000
"chrX.100","chrX",0,600000
"chrX.101","chrX",1,900000
"chrX.102","chrX",1,1000000
"chrX.103","chrX",1,1000000
"chrX.104","chrX",1,700000
"chrX.105","chrX",0.963470319634703,1200000
"chrX.106","chrX",0.899193548387097,700000
"chrX.107","chrX",1,4000000
"chrX.108","chrX",0.303030303030303,2800000
"chrX.109","chrX",1,1500000
"chrX.110","chrX",0.639344262295082,400000
"chrX.111","chrX",1,700000
"chrX.112","chrX",0.449275362318841,900000
"chrX.113","chrX",0.589041095890411,1100000
"chrX.114","chrX",1,700000
"chrX.115","chrX",0,400000
"chrX.116","chrX",1,900000
"chrX.117","chrX",0.91304347826087,200000
"chrX.118","chrX",NA,NA
"chrX.119","chrX",NA,NA
"chrX.120","chrX",NA,NA
"chrX.121","chrX",NA,NA
"chrX.122","chrX",NA,NA
"chrX.123","chrX",NA,NA
"chrX.124","chrX",NA,NA
"chrX.125","chrX",NA,NA
"chrX.126","chrX",NA,NA
